一级目录,英文,二级目录,英文,三级目录,英文,四级目录,英文,五级目录,英文
3D Analyst工具,3D Analyst Tools,3D要素,3D Features,3D内部,Inside 3D,,,,
3D Analyst工具,3D Analyst Tools,3D要素,3D Features,3D差异,Difference 3D,,,,
3D Analyst工具,3D Analyst Tools,3D要素,3D Features,3D相交,Intersect 3D,,,,
3D Analyst工具,3D Analyst Tools,3D要素,3D Features,3D线与多面体相交,Intersect 3D Line With Multipatch,,,,
3D Analyst工具,3D Analyst Tools,3D要素,3D Features,3D缓冲,Buffer 3D,,,,
3D Analyst工具,3D Analyst Tools,3D要素,3D Features,3D联合,Union 3D,,,,
3D Analyst工具,3D Analyst Tools,3D要素,3D Features,3D邻近,Near 3D,,,,
3D Analyst工具,3D Analyst Tools,3D要素,3D Features,依据属性实现要素转3D,Feature To 3D By Attribute,,,,
3D Analyst工具,3D Analyst Tools,3D要素,3D Features,封闭多面体,Enclose Multipatch,,,,
3D Analyst工具,3D Analyst Tools,3D要素,3D Features,是否为闭合3D,Is Closed 3D,,,,
3D Analyst工具,3D Analyst Tools,3D要素,3D Features,添加Z信息,Add Z Information,,,,
3D Analyst工具,3D Analyst Tools,CityEngine,CityEngine,基于CityEngine规则转换要素,Features From CityEngine Rules,,,,
3D Analyst工具,3D Analyst Tools,CityEngine,CityEngine,导出到3D Web场景,Export To 3D Web Scene,,,,
3D Analyst工具,3D Analyst Tools,功能性表面,Functional Surface,3D线与表面相交,Intersect 3D Line With Surface,,,,
3D Analyst工具,3D Analyst Tools,功能性表面,Functional Surface,堆栈剖面,Stack Profile,,,,
3D Analyst工具,3D Analyst Tools,功能性表面,Functional Surface,插值Shape,Interpolate Shape,,,,
3D Analyst工具,3D Analyst Tools,功能性表面,Functional Surface,添加表面信息,Add Surface Information,,,,
3D Analyst工具,3D Analyst Tools,功能性表面,Functional Surface,表面体积,Surface Volume,,,,
3D Analyst工具,3D Analyst Tools,可见性,Visibility,可见性,Visibility,,,,
3D Analyst工具,3D Analyst Tools,可见性,Visibility,天际线,Skyline,,,,
3D Analyst工具,3D Analyst Tools,可见性,Visibility,天际线图,Skyline Graph,,,,
3D Analyst工具,3D Analyst Tools,可见性,Visibility,天际线障碍,Skyline Barrier,,,,
3D Analyst工具,3D Analyst Tools,可见性,Visibility,太阳阴影体,Sun Shadow Volume,,,,
3D Analyst工具,3D Analyst Tools,可见性,Visibility,构造视线,Construct Sight Lines,,,,
3D Analyst工具,3D Analyst Tools,可见性,Visibility,视域,Viewshed,,,,
3D Analyst工具,3D Analyst Tools,可见性,Visibility,视点分析,Observer Points,,,,
3D Analyst工具,3D Analyst Tools,可见性,Visibility,通视分析,Line Of Sight,,,,
3D Analyst工具,3D Analyst Tools,可见性,Visibility,通视性,Intervisibility ,,,,
3D Analyst工具,3D Analyst Tools,数据管理,Data Management,LAS数据集,LAS Dataset,使用要素设置LAS类代码,Set LAS Class Codes Using Features,,
3D Analyst工具,3D Analyst Tools,数据管理,Data Management,LAS数据集,LAS Dataset,更改LAS类代码,Change LAS Class Codes,,
3D Analyst工具,3D Analyst Tools,数据管理,Data Management,Terrain数据集,Terrain Dataset,从Terrain中移除要素类,Remove Feature Class from Terrain,,
3D Analyst工具,3D Analyst Tools,数据管理,Data Management,Terrain数据集,Terrain Dataset,创建Terrain,Create Terrain,,
3D Analyst工具,3D Analyst Tools,数据管理,Data Management,Terrain数据集,Terrain Dataset,删除Terrain点,Delete Terrain Points,,
3D Analyst工具,3D Analyst Tools,数据管理,Data Management,Terrain数据集,Terrain Dataset,向Terrain添加要素类,Add Feature Class to Terrain,,
3D Analyst工具,3D Analyst Tools,数据管理,Data Management,Terrain数据集,Terrain Dataset,更改Terrain分辨率界限,Change Terrain Resolution Bounds,,
3D Analyst工具,3D Analyst Tools,数据管理,Data Management,Terrain数据集,Terrain Dataset,更改Terrain参考比例,Change Terrain Reference Scale,,
3D Analyst工具,3D Analyst Tools,数据管理,Data Management,Terrain数据集,Terrain Dataset,替换Terrain点,Replace Terrain Points,,
3D Analyst工具,3D Analyst Tools,数据管理,Data Management,Terrain数据集,Terrain Dataset,构建Terrain,Build Terrain,,
3D Analyst工具,3D Analyst Tools,数据管理,Data Management,Terrain数据集,Terrain Dataset,添加Terrain金字塔等级,Add Terrain Pyramid Level,,
3D Analyst工具,3D Analyst Tools,数据管理,Data Management,Terrain数据集,Terrain Dataset,移除Terrain金字塔等级,Remove Terrain Pyramid Level,,
3D Analyst工具,3D Analyst Tools,数据管理,Data Management,Terrain数据集,Terrain Dataset,追加Terrain点,Append Terrain Points,,
3D Analyst工具,3D Analyst Tools,数据管理,Data Management,TIN,TIN,创建TIN,Create TIN,,
3D Analyst工具,3D Analyst Tools,数据管理,Data Management,TIN,TIN,复制TIN,Copy TIN,,
3D Analyst工具,3D Analyst Tools,数据管理,Data Management,TIN,TIN,描绘TIN数据区,Delineate TIN Data Area,,
3D Analyst工具,3D Analyst Tools,数据管理,Data Management,TIN,TIN,编辑TIN,Edit TIN,,
3D Analyst工具,3D Analyst Tools,栅格插值,Raster Interpolation,克里金法,Kriging,,,,
3D Analyst工具,3D Analyst Tools,栅格插值,Raster Interpolation,反距离权重法,IDW,,,,
3D Analyst工具,3D Analyst Tools,栅格插值,Raster Interpolation,含障碍的样条函数,Spline with Barriers,,,,
3D Analyst工具,3D Analyst Tools,栅格插值,Raster Interpolation,地形转栅格,Topo to Raster,,,,
3D Analyst工具,3D Analyst Tools,栅格插值,Raster Interpolation,样条函数法,Spline,,,,
3D Analyst工具,3D Analyst Tools,栅格插值,Raster Interpolation,自然邻域法,Natural Neighbor,,,,
3D Analyst工具,3D Analyst Tools,栅格插值,Raster Interpolation,趋势面法,Trend,,,,
3D Analyst工具,3D Analyst Tools,栅格插值,Raster Interpolation,通过文件实现地形转栅格,Topo to Raster by File,,,,
3D Analyst工具,3D Analyst Tools,栅格表面,Raster Surface,含障碍的等值线,Contour with Barriers,,,,
3D Analyst工具,3D Analyst Tools,栅格表面,Raster Surface,坡向,Aspect,,,,
3D Analyst工具,3D Analyst Tools,栅格表面,Raster Surface,坡度,Slope,,,,
3D Analyst工具,3D Analyst Tools,栅格表面,Raster Surface,填挖方,Cut Fill,,,,
3D Analyst工具,3D Analyst Tools,栅格表面,Raster Surface,山体阴影,Hillshade,,,,
3D Analyst工具,3D Analyst Tools,栅格表面,Raster Surface,曲率,Curvature,,,,
3D Analyst工具,3D Analyst Tools,栅格表面,Raster Surface,等值线,Contour,,,,
3D Analyst工具,3D Analyst Tools,栅格表面,Raster Surface,等值线序列,Contour List,,,,
3D Analyst工具,3D Analyst Tools,栅格计算,Raster Math,乘,Times,,,,
3D Analyst工具,3D Analyst Tools,栅格计算,Raster Math,减,Minus,,,,
3D Analyst工具,3D Analyst Tools,栅格计算,Raster Math,加,Plus,,,,
3D Analyst工具,3D Analyst Tools,栅格计算,Raster Math,转为整型,Int,,,,
3D Analyst工具,3D Analyst Tools,栅格计算,Raster Math,转为浮点型,Float,,,,
3D Analyst工具,3D Analyst Tools,栅格计算,Raster Math,除,Divide,,,,
3D Analyst工具,3D Analyst Tools,栅格重分类,Raster Reclass,使用ASCII文件重分类,Reclass by ASCII File,,,,
3D Analyst工具,3D Analyst Tools,栅格重分类,Raster Reclass,使用表重分类,Reclass by Table,,,,
3D Analyst工具,3D Analyst Tools,栅格重分类,Raster Reclass,分割,Slice,,,,
3D Analyst工具,3D Analyst Tools,栅格重分类,Raster Reclass,查找表,Lookup,,,,
3D Analyst工具,3D Analyst Tools,栅格重分类,Raster Reclass,重分类,Reclassify,,,,
3D Analyst工具,3D Analyst Tools,表面三角化,Triangulated Surface,在两个TIN间拉伸,Extrude Between,,,,
3D Analyst工具,3D Analyst Tools,表面三角化,Triangulated Surface,定位异常值,Locate Outliers,,,,
3D Analyst工具,3D Analyst Tools,表面三角化,Triangulated Surface,抽稀TIN结点,Decimate TIN Nodes,,,,
3D Analyst工具,3D Analyst Tools,表面三角化,Triangulated Surface,表面坡向,Surface Aspect,,,,
3D Analyst工具,3D Analyst Tools,表面三角化,Triangulated Surface,表面坡度,Surface Slope,,,,
3D Analyst工具,3D Analyst Tools,表面三角化,Triangulated Surface,表面差异,Surface Difference,,,,
3D Analyst工具,3D Analyst Tools,表面三角化,Triangulated Surface,表面等值线,Surface Contour,,,,
3D Analyst工具,3D Analyst Tools,表面三角化,Triangulated Surface,面体积,Polygon Volume,,,,
3D Analyst工具,3D Analyst Tools,表面三角化,Triangulated Surface,面插值为多面体,Interpolate Polygon to Multipatch,,,,
3D Analyst工具,3D Analyst Tools,转换,Conversion,从LAS数据集转出,From LAS Dataset,LAS数据集转TIN,LAS Dataset to TIN,,
3D Analyst工具,3D Analyst Tools,转换,Conversion,由Terrain转出,From Terrain,Terrain到点,Terrain to Points,,
3D Analyst工具,3D Analyst Tools,转换,Conversion,由Terrain转出,From Terrain,Terrain转TIN,Terrain to TIN,,
3D Analyst工具,3D Analyst Tools,转换,Conversion,由Terrain转出,From Terrain,Terrain转栅格,Terrain to Raster,,
3D Analyst工具,3D Analyst Tools,转换,Conversion,由TIN转出,From TIN,TIN三角形,TIN Triangle,,
3D Analyst工具,3D Analyst Tools,转换,Conversion,由TIN转出,From TIN,TIN线,TIN Line,,
3D Analyst工具,3D Analyst Tools,转换,Conversion,由TIN转出,From TIN,TIN结点,TIN Node,,
3D Analyst工具,3D Analyst Tools,转换,Conversion,由TIN转出,From TIN,TIN范围,TIN Domain,,
3D Analyst工具,3D Analyst Tools,转换,Conversion,由TIN转出,From TIN,TIN转栅格,TIN to Raster,,
3D Analyst工具,3D Analyst Tools,转换,Conversion,由TIN转出,From TIN,TIN边,TIN Edge,,
3D Analyst工具,3D Analyst Tools,转换,Conversion,由TIN转出,From TIN,TIN面标签,TIN Polygon Tag,,
3D Analyst工具,3D Analyst Tools,转换,Conversion,由文件转出,From File,3D ASCII文件转要素类,ASCII 3D to Feature Class,,
3D Analyst工具,3D Analyst Tools,转换,Conversion,由文件转出,From File,LandXML转TIN,LandXML to TIN,,
3D Analyst工具,3D Analyst Tools,转换,Conversion,由文件转出,From File,LAS转多点,LAS to Multipoint,,
3D Analyst工具,3D Analyst Tools,转换,Conversion,由文件转出,From File,导入3D文件,Import 3D Files,,
3D Analyst工具,3D Analyst Tools,转换,Conversion,由文件转出,From File,点文件信息,Point File Information,,
3D Analyst工具,3D Analyst Tools,转换,Conversion,由栅格转出,From Raster,栅格范围,Raster Domain,,
3D Analyst工具,3D Analyst Tools,转换,Conversion,由栅格转出,From Raster,栅格转TIN,Raster to TIN,,
3D Analyst工具,3D Analyst Tools,转换,Conversion,由栅格转出,From Raster,栅格转多点,Raster to Multipoint,,
3D Analyst工具,3D Analyst Tools,转换,Conversion,由要素类转出,From Feature Class,多面体覆盖区,MultiPatch Footprint,,
3D Analyst工具,3D Analyst Tools,转换,Conversion,由要素类转出,From Feature Class,要素类Z转ASCII,Feature Class Z to ASCII,,
3D Analyst工具,3D Analyst Tools,转换,Conversion,3D图层转要素类,Layer 3D to Feature Class,,,,
Data Interoperability工具,Data Interoperability Tools,快速导入,Quick Import,,,,,,
Data Interoperability工具,Data Interoperability Tools,快速导出,Quick Export,,,,,,
Geostatistical Analyst工具,Geostatistical Analyst Tools,使用地统计图层,Working with Geostatistical Layers,GA图层至格网,GA Layer to Grid,,,,
Geostatistical Analyst工具,Geostatistical Analyst Tools,使用地统计图层,Working with Geostatistical Layers,GA图层至点,GA Layer to Points,,,,
Geostatistical Analyst工具,Geostatistical Analyst Tools,使用地统计图层,Working with Geostatistical Layers,GA图层转等值线,GA Layer to Contour,,,,
Geostatistical Analyst工具,Geostatistical Analyst Tools,使用地统计图层,Working with Geostatistical Layers,创建地统计图层,Create Geostatistical Layer,,,,
Geostatistical Analyst工具,Geostatistical Analyst Tools,使用地统计图层,Working with Geostatistical Layers,获取模型参数,Get Model Parameter,,,,
Geostatistical Analyst工具,Geostatistical Analyst Tools,使用地统计图层,Working with Geostatistical Layers,计算Z值,Calculate Z-value,,,,
Geostatistical Analyst工具,Geostatistical Analyst Tools,使用地统计图层,Working with Geostatistical Layers,设置模型参数,Set Model Parameter,,,,
Geostatistical Analyst工具,Geostatistical Analyst Tools,使用地统计图层,Working with Geostatistical Layers,面插值图层到面,Areal Interpolation Layer To Polygons,,,,
Geostatistical Analyst工具,Geostatistical Analyst Tools,工具,Utilities,交叉验证,Cross Validation,,,,
Geostatistical Analyst工具,Geostatistical Analyst Tools,工具,Utilities,半变异函数灵敏度,Semivariogram Sensitivity,,,,
Geostatistical Analyst工具,Geostatistical Analyst Tools,工具,Utilities,子集要素,Subset Features,,,,
Geostatistical Analyst工具,Geostatistical Analyst Tools,工具,Utilities,邻域选择,Neighborhood Selection,,,,
Geostatistical Analyst工具,Geostatistical Analyst Tools,插值分析,Interpolation,全局多项式插值法,Global Polynomial Interpolation,,,,
Geostatistical Analyst工具,Geostatistical Analyst Tools,插值分析,Interpolation,反距离权重法,IDW,,,,
Geostatistical Analyst工具,Geostatistical Analyst Tools,插值分析,Interpolation,含障碍的扩散插值法,Diffusion Interpolation With Barriers,,,,
Geostatistical Analyst工具,Geostatistical Analyst Tools,插值分析,Interpolation,含障碍的核插值法,Kernel Interpolation With Barriers,,,,
Geostatistical Analyst工具,Geostatistical Analyst Tools,插值分析,Interpolation,局部多项式插值法,Local Polynomial Interpolation,,,,
Geostatistical Analyst工具,Geostatistical Analyst Tools,插值分析,Interpolation,径向基函数(RBF)插值法,Radial Basis Functions,,,,
Geostatistical Analyst工具,Geostatistical Analyst Tools,插值分析,Interpolation,移动窗口克里金法,Moving Window Kriging,,,,
Geostatistical Analyst工具,Geostatistical Analyst Tools,插值分析,Interpolation,经验贝叶斯克里金法,Empirical Bayesian Kriging,,,,
Geostatistical Analyst工具,Geostatistical Analyst Tools,模拟,Simulation,提取值到表,Extract Values To Table,,,,
Geostatistical Analyst工具,Geostatistical Analyst Tools,模拟,Simulation,高斯地统计模拟,Gaussian Geostatistical Layers,,,,
Geostatistical Analyst工具,Geostatistical Analyst Tools,采样网格设计,Sampling Network Design,创建空间平衡点,Create Spatially Balanced Points,,,,
Geostatistical Analyst工具,Geostatistical Analyst Tools,采样网格设计,Sampling Network Design,增密采样网络,Densify Sampling Network,,,,
Network Analyst工具,Network Analyst Tools,分析,Analysis,创建OD成本矩阵图层,Make OD Cost Matrix Layer,,,,
Network Analyst工具,Network Analyst Tools,分析,Analysis,创建位置分配图层,Make Location-Allocation Layer,,,,
Network Analyst工具,Network Analyst Tools,分析,Analysis,创建最近设施点分析图层,Make Closet Facility Layer,,,,
Network Analyst工具,Network Analyst Tools,分析,Analysis,创建服务区图层,Make Service Area Layer,,,,
Network Analyst工具,Network Analyst Tools,分析,Analysis,创建路径分析图层,Make Route Layer,,,,
Network Analyst工具,Network Analyst Tools,分析,Analysis,创建车辆配送(VRP)图层,Make Vehicle Routing Problem Layer,,,,
Network Analyst工具,Network Analyst Tools,分析,Analysis,向分析图层添加字段,Add Field to Analysis Layer,,,,
Network Analyst工具,Network Analyst Tools,分析,Analysis,复制遍历的源要素,Copy Traversed Source Features,,,,
Network Analyst工具,Network Analyst Tools,分析,Analysis,方向,Directions,,,,
Network Analyst工具,Network Analyst Tools,分析,Analysis,更新分析图层属性参数,Update Analysis Layer Attribute Parameter,,,,
Network Analyst工具,Network Analyst Tools,分析,Analysis,求解,Solve,,,,
Network Analyst工具,Network Analyst Tools,分析,Analysis,添加位置,Add Locations,,,,
Network Analyst工具,Network Analyst Tools,分析,Analysis,计算位置,Calculate Locations,,,,
Network Analyst工具,Network Analyst Tools,服务器,Server,更新交通事故,Update Traffic Incidents,,,,
Network Analyst工具,Network Analyst Tools,服务器,Server,更新流量数据,Update Traffic Data,,,,
Network Analyst工具,Network Analyst Tools,服务器,Server,查找最近设施点,Find Closest Facilities,,,,
Network Analyst工具,Network Analyst Tools,服务器,Server,查找路径,Find Routes,,,,
Network Analyst工具,Network Analyst Tools,服务器,Server,求解位置分配,Solve Location-Allocation,,,,
Network Analyst工具,Network Analyst Tools,服务器,Server,求解车辆配送(VRP),Solve Vehicle Routing Problem,,,,
Network Analyst工具,Network Analyst Tools,服务器,Server,生成服务区,Generate Service Areas,,,,
Network Analyst工具,Network Analyst Tools,网络数据集,Network Dataset,构建网络,Build Network,,,,
Network Analyst工具,Network Analyst Tools,网络数据集,Network Dataset,融合网络,Dissolve Network,,,,
Network Analyst工具,Network Analyst Tools,转弯要素类,Turn Feature Class,创建转弯要素类,Create Turn Feature Class,,,,
Network Analyst工具,Network Analyst Tools,转弯要素类,Turn Feature Class,填充备用ID字段,Populate Alternate ID Fields,,,,
Network Analyst工具,Network Analyst Tools,转弯要素类,Turn Feature Class,增加最大边数,Increase Maximum Edges,,,,
Network Analyst工具,Network Analyst Tools,转弯要素类,Turn Feature Class,按几何更新,Update by Geometry,,,,
Network Analyst工具,Network Analyst Tools,转弯要素类,Turn Feature Class,按备用ID字段更新,Update by Alternate ID Fields,,,,
Network Analyst工具,Network Analyst Tools,转弯要素类,Turn Feature Class,转弯表至转弯要素类,Turn Table To Turn Feature Class,,,,
Schematics工具,Schematics Tools,创建逻辑示意图,Create Diagram,,,,,,
Schematics工具,Schematics Tools,创建逻辑示意图文件夹,Create Schematic Folder,,,,,,
Schematics工具,Schematics Tools,将逻辑示意图转换为要素,Convert Diagram To Features,,,,,,
Schematics工具,Schematics Tools,更新逻辑示意图,Update Diagram,,,,,,
Schematics工具,Schematics Tools,更新逻辑示意图(批量),Update Diagrams,,,,,,
Spatial Analyst工具,Spatial Analyst Tools,分段和分类,Segmentation and Classification,分类栅格,Classify Raster,,,,
Spatial Analyst工具,Spatial Analyst Tools,分段和分类,Segmentation and Classification,培训ISO聚类分类程序,Train ISO Cluster Classifier,,,,
Spatial Analyst工具,Spatial Analyst Tools,分段和分类,Segmentation and Classification,培训支持矢量计算机分类程序,Train Support Vector Machine Classifier,,,,
Spatial Analyst工具,Spatial Analyst Tools,分段和分类,Segmentation and Classification,段均值平移,Segment Mean Shift,,,,
Spatial Analyst工具,Spatial Analyst Tools,分段和分类,Segmentation and Classification,计算段属性,Compute Segment Attributes,,,,
Spatial Analyst工具,Spatial Analyst Tools,分段和分类,Segmentation and Classification,训练最大似然法分类程序,Train Maximum Likelihood Classifier,,,,
Spatial Analyst工具,Spatial Analyst Tools,区域分析,Zonal,以表格显示分区几何统计,Zonal Geometry as Table,,,,
Spatial Analyst工具,Spatial Analyst Tools,区域分析,Zonal,以表格显示分区几何,Zonal Statistics as Table,,,,
Spatial Analyst工具,Spatial Analyst Tools,区域分析,Zonal,分区几何统计,Zonal Geometry,,,,
Spatial Analyst工具,Spatial Analyst Tools,区域分析,Zonal,分区统计,Zonal Statistics,,,,
Spatial Analyst工具,Spatial Analyst Tools,区域分析,Zonal,区域填充,Zonal Fill,,,,
Spatial Analyst工具,Spatial Analyst Tools,区域分析,Zonal,区域直方图,Zonal Histogram,,,,
Spatial Analyst工具,Spatial Analyst Tools,区域分析,Zonal,面积制表,Tabulate Area,,,,
Spatial Analyst工具,Spatial Analyst Tools,叠加分析,Overlay,加权叠加,Weighted Overlay,,,,
Spatial Analyst工具,Spatial Analyst Tools,叠加分析,Overlay,加权总和,Weighted Sum,,,,
Spatial Analyst工具,Spatial Analyst Tools,叠加分析,Overlay,模糊叠加,Fuzzy Overlay,,,,
Spatial Analyst工具,Spatial Analyst Tools,叠加分析,Overlay,模糊隶属度,Fuzzy Membership,,,,
Spatial Analyst工具,Spatial Analyst Tools,地下水分析,Groundwater,孔隙扩散,Porous Puff,,,,
Spatial Analyst工具,Spatial Analyst Tools,地下水分析,Groundwater,粒子追踪,Particle Track,,,,
Spatial Analyst工具,Spatial Analyst Tools,地下水分析,Groundwater,达西流,Darcy Flow,,,,
Spatial Analyst工具,Spatial Analyst Tools,地下水分析,Groundwater,达西速度,Darcy Velocity,,,,
Spatial Analyst工具,Spatial Analyst Tools,地图代数,Map Algebra,栅格计算器,Raster Calculator,,,,
Spatial Analyst工具,Spatial Analyst Tools,多元分析,Multivariate,ISO聚类,Iso Cluster,,,,
Spatial Analyst工具,Spatial Analyst Tools,多元分析,Multivariate,ISO聚类非监督分类,Iso Cluster Unsupervised Classification,,,,
Spatial Analyst工具,Spatial Analyst Tools,多元分析,Multivariate,主成分分析,Principal Components,,,,
Spatial Analyst工具,Spatial Analyst Tools,多元分析,Multivariate,创建特征文件,Create Signatures,,,,
Spatial Analyst工具,Spatial Analyst Tools,多元分析,Multivariate,最大似然法分类,Maximum Likelihood Classification,,,,
Spatial Analyst工具,Spatial Analyst Tools,多元分析,Multivariate,树状图,Dendrogram,,,,
Spatial Analyst工具,Spatial Analyst Tools,多元分析,Multivariate,波段集统计,Band Collection Statistics,,,,
Spatial Analyst工具,Spatial Analyst Tools,多元分析,Multivariate,类别概率,Class Probability,,,,
Spatial Analyst工具,Spatial Analyst Tools,多元分析,Multivariate,编辑特征文件,Edit Signatures,,,,
Spatial Analyst工具,Spatial Analyst Tools,太阳辐射,Solar Radiation,太阳辐射区域,Area Solar Radiation,,,,
Spatial Analyst工具,Spatial Analyst Tools,太阳辐射,Solar Radiation,太阳辐射图,Solar Radiation Graphics,,,,
Spatial Analyst工具,Spatial Analyst Tools,太阳辐射,Solar Radiation,太阳辐射点,Points Solar Radiation,,,,
Spatial Analyst工具,Spatial Analyst Tools,密度分析,Density,核密度分析,Kernel Density,,,,
Spatial Analyst工具,Spatial Analyst Tools,密度分析,Density,点密度分析,Point Density,,,,
Spatial Analyst工具,Spatial Analyst Tools,密度分析,Density,线密度分析,Line Density,,,,
Spatial Analyst工具,Spatial Analyst Tools,局部分析,Local,像元统计数据,Cell Statistics,,,,
Spatial Analyst工具,Spatial Analyst Tools,局部分析,Local,合并,Combine,,,,
Spatial Analyst工具,Spatial Analyst Tools,局部分析,Local,大于频数,Greater Than Frequency,,,,
Spatial Analyst工具,Spatial Analyst Tools,局部分析,Local,小于频数,Less Than Frequency,,,,
Spatial Analyst工具,Spatial Analyst Tools,局部分析,Local,最低位置,Lowest Position,,,,
Spatial Analyst工具,Spatial Analyst Tools,局部分析,Local,最高位置,Highest Position,,,,
Spatial Analyst工具,Spatial Analyst Tools,局部分析,Local,等于频数,Equal To Frequency,,,,
Spatial Analyst工具,Spatial Analyst Tools,局部分析,Local,等级,Rank,,,,
Spatial Analyst工具,Spatial Analyst Tools,局部分析,Local,频数取值,Popularity,,,,
Spatial Analyst工具,Spatial Analyst Tools,提取分析,Extraction,值提取至点,Extract Values to Points,,,,
Spatial Analyst工具,Spatial Analyst Tools,提取分析,Extraction,多值提取至点,Extract Multi Values to Points,,,,
Spatial Analyst工具,Spatial Analyst Tools,提取分析,Extraction,按圆提取,Extract by Circle,,,,
Spatial Analyst工具,Spatial Analyst Tools,提取分析,Extraction,按多边形提取,Extract by Polygon,,,,
Spatial Analyst工具,Spatial Analyst Tools,提取分析,Extraction,按属性提取,Extract by Attributes,,,,
Spatial Analyst工具,Spatial Analyst Tools,提取分析,Extraction,按掩膜提取,Extract by Mask,,,,
Spatial Analyst工具,Spatial Analyst Tools,提取分析,Extraction,按点提取,Extract by Points,,,,
Spatial Analyst工具,Spatial Analyst Tools,提取分析,Extraction,按矩形提取,Extract by Rectangle,,,,
Spatial Analyst工具,Spatial Analyst Tools,提取分析,Extraction,采样,Sample,,,,
Spatial Analyst工具,Spatial Analyst Tools,插值分析,Interpolation,克里金法,Kriging,,,,
Spatial Analyst工具,Spatial Analyst Tools,插值分析,Interpolation,反距离权重法,IDW,,,,
Spatial Analyst工具,Spatial Analyst Tools,插值分析,Interpolation,含障碍的样条函数,Spline with Barriers,,,,
Spatial Analyst工具,Spatial Analyst Tools,插值分析,Interpolation,地形转栅格,Topo to Raster,,,,
Spatial Analyst工具,Spatial Analyst Tools,插值分析,Interpolation,样条函数法,Spline,,,,
Spatial Analyst工具,Spatial Analyst Tools,插值分析,Interpolation,自然邻域法,Natural Neighbor,,,,
Spatial Analyst工具,Spatial Analyst Tools,插值分析,Interpolation,趋势面法,Trend,,,,
Spatial Analyst工具,Spatial Analyst Tools,插值分析,Interpolation,通过文件实现地形转栅格,Topo to Raster by File,,,,
Spatial Analyst工具,Spatial Analyst Tools,数学分析,Math,三角函数,Trigonometric,ACos,ACos,,
Spatial Analyst工具,Spatial Analyst Tools,数学分析,Math,三角函数,Trigonometric,ACosH,ACosH,,
Spatial Analyst工具,Spatial Analyst Tools,数学分析,Math,三角函数,Trigonometric,ASin,ASin,,
Spatial Analyst工具,Spatial Analyst Tools,数学分析,Math,三角函数,Trigonometric,ASinH,ASinH,,
Spatial Analyst工具,Spatial Analyst Tools,数学分析,Math,三角函数,Trigonometric,ATan,ATan,,
Spatial Analyst工具,Spatial Analyst Tools,数学分析,Math,三角函数,Trigonometric,ATan2,ATan2,,
Spatial Analyst工具,Spatial Analyst Tools,数学分析,Math,三角函数,Trigonometric,ATanH,ATanH,,
Spatial Analyst工具,Spatial Analyst Tools,数学分析,Math,三角函数,Trigonometric,Cos,Cos,,
Spatial Analyst工具,Spatial Analyst Tools,数学分析,Math,三角函数,Trigonometric,CosH,CosH,,
Spatial Analyst工具,Spatial Analyst Tools,数学分析,Math,三角函数,Trigonometric,Sin,Sin,,
Spatial Analyst工具,Spatial Analyst Tools,数学分析,Math,三角函数,Trigonometric,SinH,SinH,,
Spatial Analyst工具,Spatial Analyst Tools,数学分析,Math,三角函数,Trigonometric,Tan,Tan,,
Spatial Analyst工具,Spatial Analyst Tools,数学分析,Math,三角函数,Trigonometric,TanH,TanH,,
Spatial Analyst工具,Spatial Analyst Tools,数学分析,Math,按位运算,Bitwise,按位与,Bitwise And,,
Spatial Analyst工具,Spatial Analyst Tools,数学分析,Math,按位运算,Bitwise,按位右移,Bitwise Right Shift,,
Spatial Analyst工具,Spatial Analyst Tools,数学分析,Math,按位运算,Bitwise,按位左移,Bitwise Left Shift,,
Spatial Analyst工具,Spatial Analyst Tools,数学分析,Math,按位运算,Bitwise,按位异或,Bitwise XOr,,
Spatial Analyst工具,Spatial Analyst Tools,数学分析,Math,按位运算,Bitwise,按位或,Bitwise Or,,
Spatial Analyst工具,Spatial Analyst Tools,数学分析,Math,按位运算,Bitwise,按位非,Bitwise Not,,
Spatial Analyst工具,Spatial Analyst Tools,数学分析,Math,逻辑运算,Logical,InList,InList,,
Spatial Analyst工具,Spatial Analyst Tools,数学分析,Math,逻辑运算,Logical,Over,Over,,
Spatial Analyst工具,Spatial Analyst Tools,数学分析,Math,逻辑运算,Logical,不相等,Not Equal,,
Spatial Analyst工具,Spatial Analyst Tools,数学分析,Math,逻辑运算,Logical,为空,Is Null,,
Spatial Analyst工具,Spatial Analyst Tools,数学分析,Math,逻辑运算,Logical,大于,Greater Than,,
Spatial Analyst工具,Spatial Analyst Tools,数学分析,Math,逻辑运算,Logical,大于等于,Greater Than Equal,,
Spatial Analyst工具,Spatial Analyst Tools,数学分析,Math,逻辑运算,Logical,小于,Less Than,,
Spatial Analyst工具,Spatial Analyst Tools,数学分析,Math,逻辑运算,Logical,小于等于,Less Than Equal,,
Spatial Analyst工具,Spatial Analyst Tools,数学分析,Math,逻辑运算,Logical,差异,Diff,,
Spatial Analyst工具,Spatial Analyst Tools,数学分析,Math,逻辑运算,Logical,布尔与,Boolean And,,
Spatial Analyst工具,Spatial Analyst Tools,数学分析,Math,逻辑运算,Logical,布尔异或,Boolean XOr,,
Spatial Analyst工具,Spatial Analyst Tools,数学分析,Math,逻辑运算,Logical,布尔或,Boolean Or,,
Spatial Analyst工具,Spatial Analyst Tools,数学分析,Math,逻辑运算,Logical,布尔非,Boolean Not,,
Spatial Analyst工具,Spatial Analyst Tools,数学分析,Math,逻辑运算,Logical,条件测试,Test,,
Spatial Analyst工具,Spatial Analyst Tools,数学分析,Math,逻辑运算,Logical,等于,Equal To,,
Spatial Analyst工具,Spatial Analyst Tools,数学分析,Math,逻辑运算,Logical,组合与,Combinatorial And,,
Spatial Analyst工具,Spatial Analyst Tools,数学分析,Math,逻辑运算,Logical,组合异或,Combinatorial XOr,,
Spatial Analyst工具,Spatial Analyst Tools,数学分析,Math,逻辑运算,Logical,组合或,Combinatorial Or,,
Spatial Analyst工具,Spatial Analyst Tools,数学分析,Math,Abs,Abs,,,,
Spatial Analyst工具,Spatial Analyst Tools,数学分析,Math,Exp,Exp,,,,
Spatial Analyst工具,Spatial Analyst Tools,数学分析,Math,Exp10,Exp10,,,,
Spatial Analyst工具,Spatial Analyst Tools,数学分析,Math,Exp2,Exp2,,,,
Spatial Analyst工具,Spatial Analyst Tools,数学分析,Math,Ln,Ln,,,,
Spatial Analyst工具,Spatial Analyst Tools,数学分析,Math,Log10,Log10,,,,
Spatial Analyst工具,Spatial Analyst Tools,数学分析,Math,Log2,Log2,,,,
Spatial Analyst工具,Spatial Analyst Tools,数学分析,Math,上舍入,Round Up,,,,
Spatial Analyst工具,Spatial Analyst Tools,数学分析,Math,下舍入,Round Down,,,,
Spatial Analyst工具,Spatial Analyst Tools,数学分析,Math,乘,Times,,,,
Spatial Analyst工具,Spatial Analyst Tools,数学分析,Math,减,Minus,,,,
Spatial Analyst工具,Spatial Analyst Tools,数学分析,Math,加,Plus,,,,
Spatial Analyst工具,Spatial Analyst Tools,数学分析,Math,取反,Negate,,,,
Spatial Analyst工具,Spatial Analyst Tools,数学分析,Math,幂,Power,,,,
Spatial Analyst工具,Spatial Analyst Tools,数学分析,Math,平方,Square,,,,
Spatial Analyst工具,Spatial Analyst Tools,数学分析,Math,平方根,Square Root,,,,
Spatial Analyst工具,Spatial Analyst Tools,数学分析,Math,求模,Mod,,,,
Spatial Analyst工具,Spatial Analyst Tools,数学分析,Math,转为整型,Int,,,,
Spatial Analyst工具,Spatial Analyst Tools,数学分析,Math,转为浮点型,Float,,,,
Spatial Analyst工具,Spatial Analyst Tools,数学分析,Math,除,Divide,,,,
Spatial Analyst工具,Spatial Analyst Tools,条件分析,Conditional,条件函数,Con,,,,
Spatial Analyst工具,Spatial Analyst Tools,条件分析,Conditional,设为空函数,Set Null,,,,
Spatial Analyst工具,Spatial Analyst Tools,条件分析,Conditional,选取函数,Pick,,,,
Spatial Analyst工具,Spatial Analyst Tools,栅格创建,Raster Creation,创建常量栅格,Create Constant Raster,,,,
Spatial Analyst工具,Spatial Analyst Tools,栅格创建,Raster Creation,创建正态栅格,Create Normal Raster,,,,
Spatial Analyst工具,Spatial Analyst Tools,栅格创建,Raster Creation,创建随机栅格,Create Random Raster,,,,
Spatial Analyst工具,Spatial Analyst Tools,栅格综合,Generalization,Nibble,Nibble,,,,
Spatial Analyst工具,Spatial Analyst Tools,栅格综合,Generalization,众数滤波,Majority Filter,,,,
Spatial Analyst工具,Spatial Analyst Tools,栅格综合,Generalization,区域合并,Region Group,,,,
Spatial Analyst工具,Spatial Analyst Tools,栅格综合,Generalization,收缩,Shrink,,,,
Spatial Analyst工具,Spatial Analyst Tools,栅格综合,Generalization,散度,Expand,,,,
Spatial Analyst工具,Spatial Analyst Tools,栅格综合,Generalization,细化,Thin,,,,
Spatial Analyst工具,Spatial Analyst Tools,栅格综合,Generalization,聚合,Aggregate,,,,
Spatial Analyst工具,Spatial Analyst Tools,栅格综合,Generalization,边界清理,Boundary Clean,,,,
Spatial Analyst工具,Spatial Analyst Tools,水文分析,Hydrology,分水岭,Watershed,,,,
Spatial Analyst工具,Spatial Analyst Tools,水文分析,Hydrology,填洼,Fill,,,,
Spatial Analyst工具,Spatial Analyst Tools,水文分析,Hydrology,捕捉倾泻点,Snap Pour Point,,,,
Spatial Analyst工具,Spatial Analyst Tools,水文分析,Hydrology,栅格河网矢量化,Stream to Feature,,,,
Spatial Analyst工具,Spatial Analyst Tools,水文分析,Hydrology,水流长度,Flow Length,,,,
Spatial Analyst工具,Spatial Analyst Tools,水文分析,Hydrology,汇,Sink,,,,
Spatial Analyst工具,Spatial Analyst Tools,水文分析,Hydrology,河流链接,Stream Link,,,,
Spatial Analyst工具,Spatial Analyst Tools,水文分析,Hydrology,河网分级,Stream Order,,,,
Spatial Analyst工具,Spatial Analyst Tools,水文分析,Hydrology,流向,Flow Direction,,,,
Spatial Analyst工具,Spatial Analyst Tools,水文分析,Hydrology,流量,Flow Accumulation,,,,
Spatial Analyst工具,Spatial Analyst Tools,水文分析,Hydrology,盆域分析,Basin,,,,
Spatial Analyst工具,Spatial Analyst Tools,表面,Surface,可见性,Visibility,,,,
Spatial Analyst工具,Spatial Analyst Tools,表面,Surface,视域2,Viewshed 2,,,,
Spatial Analyst工具,Spatial Analyst Tools,表面分析,Surface,含障碍的等值线,Contour with Barriers,,,,
Spatial Analyst工具,Spatial Analyst Tools,表面分析,Surface,坡向,Aspect,,,,
Spatial Analyst工具,Spatial Analyst Tools,表面分析,Surface,坡度,Slope,,,,
Spatial Analyst工具,Spatial Analyst Tools,表面分析,Surface,填挖方,Cut Fill,,,,
Spatial Analyst工具,Spatial Analyst Tools,表面分析,Surface,山体阴影,Hillshade,,,,
Spatial Analyst工具,Spatial Analyst Tools,表面分析,Surface,曲率,Curvature,,,,
Spatial Analyst工具,Spatial Analyst Tools,表面分析,Surface,等值线,Contour,,,,
Spatial Analyst工具,Spatial Analyst Tools,表面分析,Surface,等值线序列,Contour List,,,,
Spatial Analyst工具,Spatial Analyst Tools,表面分析,Surface,视域,Viewshed,,,,
Spatial Analyst工具,Spatial Analyst Tools,表面分析,Surface,视点分析,Observer Points,,,,
Spatial Analyst工具,Spatial Analyst Tools,距离分析,Distance,廊道分析,Corridor,,,,
Spatial Analyst工具,Spatial Analyst Tools,距离分析,Distance,成本分配,Cost Allocation,,,,
Spatial Analyst工具,Spatial Analyst Tools,距离分析,Distance,成本回溯链接,Cost Back Link,,,,
Spatial Analyst工具,Spatial Analyst Tools,距离分析,Distance,成本距离,Cost Distance,,,,
Spatial Analyst工具,Spatial Analyst Tools,距离分析,Distance,成本路径,Cost Path,,,,
Spatial Analyst工具,Spatial Analyst Tools,距离分析,Distance,欧式分配,Euclidean Allocation,,,,
Spatial Analyst工具,Spatial Analyst Tools,距离分析,Distance,欧式方向,Euclidean Direction,,,,
Spatial Analyst工具,Spatial Analyst Tools,距离分析,Distance,欧式距离,Euclidean Distance,,,,
Spatial Analyst工具,Spatial Analyst Tools,距离分析,Distance,路径距离,Path Distance,,,,
Spatial Analyst工具,Spatial Analyst Tools,距离分析,Distance,路径距离分配,Path Distance Allocation,,,,
Spatial Analyst工具,Spatial Analyst Tools,距离分析,Distance,路径距离回溯链接,Path Distance Back Link,,,,
Spatial Analyst工具,Spatial Analyst Tools,邻域分析,Neighborhood,块统计,Block Statistics,,,,
Spatial Analyst工具,Spatial Analyst Tools,邻域分析,Neighborhood,滤波器,Filter,,,,
Spatial Analyst工具,Spatial Analyst Tools,邻域分析,Neighborhood,点统计,Point Statistics,,,,
Spatial Analyst工具,Spatial Analyst Tools,邻域分析,Neighborhood,焦点流,Focal Flow,,,,
Spatial Analyst工具,Spatial Analyst Tools,邻域分析,Neighborhood,焦点流统计,Focal Statistics,,,,
Spatial Analyst工具,Spatial Analyst Tools,邻域分析,Neighborhood,线统计,Line Statistics,,,,
Spatial Analyst工具,Spatial Analyst Tools,重分类,Reclass,使用ASCII文件重分类,Reclass by ASCII File,,,,
Spatial Analyst工具,Spatial Analyst Tools,重分类,Reclass,使用表重分类,Reclass by Table,,,,
Spatial Analyst工具,Spatial Analyst Tools,重分类,Reclass,分割,Slice,,,,
Spatial Analyst工具,Spatial Analyst Tools,重分类,Reclass,按函数重设比例,Rescale by Function,,,,
Spatial Analyst工具,Spatial Analyst Tools,重分类,Reclass,查找表,Lookup,,,,
Spatial Analyst工具,Spatial Analyst Tools,重分类,Reclass,重分类,Reclassify,,,,
Tracking Analyst工具,Tracking Analyst Tools,创建追踪图层,Make Tracking Layer,,,,,,
Tracking Analyst工具,Tracking Analyst Tools,线追踪间隔,Track Intervals To Line,,,,,,
Tracking Analyst工具,Tracking Analyst Tools,要素追踪间隔,Track Intervals To Feature,,,,,,
Tracking Analyst工具,Tracking Analyst Tools,连接日期和时间字段,Concatenate Date And Time Fields,,,,,,
编辑工具,Editing Tools,合并,Conflation,传递属性,Transfer Attributes,,,,
编辑工具,Editing Tools,合并,Conflation,橡皮页变换要素,Rubbersheet Features,,,,
编辑工具,Editing Tools,合并,Conflation,生成橡皮页变换链接,Generate Rubbersheet Links,,,,
编辑工具,Editing Tools,合并,Conflation,生成边匹配链接,Generate Edgematch Links,,,,
编辑工具,Editing Tools,合并,Conflation,边匹配要素,Edgematch Features,,,,
编辑工具,Editing Tools,修剪线,Trim Line,,,,,,
编辑工具,Editing Tools,增密,Densify,,,,,,
编辑工具,Editing Tools,延伸线,Extend Line,,,,,,
编辑工具,Editing Tools,捕捉,Snap,,,,,,
编辑工具,Editing Tools,擦除点,Erase Point,,,,,,
编辑工具,Editing Tools,概化,Generalize,,,,,,
编辑工具,Editing Tools,翻转线,Flip Line,,,,,,
地理编码工具,Geocoding Tools,创建地址定位器,Create Address Locator,,,,,,
地理编码工具,Geocoding Tools,创建复合地址定位器,Create Composite Address Locator,,,,,,
地理编码工具,Geocoding Tools,反向地理编码,Reverse Geocode,,,,,,
地理编码工具,Geocoding Tools,对地址进行地理编码,Geocode Addresses,,,,,,
地理编码工具,Geocoding Tools,标准化地址,Standardize Addresses,,,,,,
地理编码工具,Geocoding Tools,重新匹配地址,Rematch Addresses,,,,,,
地理编码工具,Geocoding Tools,重新构建地址定位器,Rebuild Address Locator,,,,,,
多维工具,Multidimension Tools,创建NetCDF栅格图层,Make NetCDF Raster Layer,,,,,,
多维工具,Multidimension Tools,创建NetCDF表视图,Make NetCDF Table View,,,,,,
多维工具,Multidimension Tools,创建NetCDF要素图层,Make NetCDF Feature Layer,,,,,,
多维工具,Multidimension Tools,按维度选择,Select by Dimension,,,,,,
多维工具,Multidimension Tools,栅格转NetCDF,Raster to NetCDF,,,,,,
多维工具,Multidimension Tools,表格转NetCDF,Table to NetCDF,,,,,,
多维工具,Multidimension Tools,要素转NetCDF,Feature to NetCDF,,,,,,
分析工具,Analysis,叠加分析,Overlay,交集取反,Symmetrical Difference,,,,
分析工具,Analysis,叠加分析,Overlay,擦除,Erase,,,,
分析工具,Analysis,叠加分析,Overlay,更新,Update,,,,
分析工具,Analysis,叠加分析,Overlay,标识,Identity,,,,
分析工具,Analysis,叠加分析,Overlay,相交,Intersect,,,,
分析工具,Analysis,叠加分析,Overlay,空间连接,Spatial Join,,,,
分析工具,Analysis,叠加分析,Overlay,联合,Union,,,,
分析工具,Analysis,提取分析,Extract,分割,Split,,,,
分析工具,Analysis,提取分析,Extract,筛选,Select,,,,
分析工具,Analysis,提取分析,Extract,表筛选,Table Select,,,,
分析工具,Analysis,提取分析,Extract,裁剪,Clip,,,,
分析工具,Analysis,统计分析,Statistics,交集制表,Tabulate Intersection,,,,
分析工具,Analysis,统计分析,Statistics,汇总统计数据,Summary Statistics,,,,
分析工具,Analysis,统计分析,Statistics,频数,Frequency,,,,
分析工具,Analysis,邻域分析,Proximity,创建泰森多边形,Create Thiessen Polygons,,,,
分析工具,Analysis,邻域分析,Proximity,多环缓冲区,Multiple Ring Buffer,,,,
分析工具,Analysis,邻域分析,Proximity,点距离,Point Distance,,,,
分析工具,Analysis,邻域分析,Proximity,生成近邻表,Generate Near Table,,,,
分析工具,Analysis,邻域分析,Proximity,缓冲区,Buffer,,,,
分析工具,Analysis,邻域分析,Proximity,近邻分析,Near,,,,
分析工具,Analysis,邻域分析,Proximity,面邻域,Polygon Neighbors,,,,
服务器工具,Server Tools,发布,Publishing,MXD转Web地图,MXD to Web map,,,,
服务器工具,Server Tools,发布,Publishing,上传服务定义,Upload Service Definition,,,,
服务器工具,Server Tools,发布,Publishing,登出门户,Sign Out From Portal,,,,
服务器工具,Server Tools,发布,Publishing,登录门户,Sign In To Portal,,,,
服务器工具,Server Tools,发布,Publishing,过渡服务,Stage Service,,,,
服务器工具,Server Tools,打印,Printing,导出Web地图,Export Web Map,,,,
服务器工具,Server Tools,数据提取,Data Extraction,发送电子邮件(附Zip文件),Send Email With Zip File Attachment,,,,
服务器工具,Server Tools,数据提取,Data Extraction,提取数据,Extract Data,,,,
服务器工具,Server Tools,数据提取,Data Extraction,提取数据任务,Extract Data Task,,,,
服务器工具,Server Tools,数据提取,Data Extraction,提取数据并通过电子邮件发送任务,Extract Data and Email Task,,,,
服务器工具,Server Tools,缓存,Caching,创建地图服务器缓存,Create Map Server Cache,,,,
服务器工具,Server Tools,缓存,Caching,删除Globe服务器缓存,Delete Globe Server Cache,,,,
服务器工具,Server Tools,缓存,Caching,删除地图服务器缓存,Delete Map Server Cache,,,,
服务器工具,Server Tools,缓存,Caching,升级地图服务器缓存存储格式,Upgrade Map Server Cache Storage Format,,,,
服务器工具,Server Tools,缓存,Caching,导入地图服务器缓存,Import Map Server Cache,,,,
服务器工具,Server Tools,缓存,Caching,导出地图服务器缓存,Export Map Server Cache,,,,
服务器工具,Server Tools,缓存,Caching,生成地图服务器缓存切片方案,Generate Map Server Cache Tiling Scheme,,,,
服务器工具,Server Tools,缓存,Caching,管理Globe服务器缓存切片,Manage Globe Server Cache Tiles,,,,
服务器工具,Server Tools,缓存,Caching,管理地图服务器缓存切片,Manage Map Server Cache Tiles,,,,
服务器工具,Server Tools,缓存,Caching,管理地图服务器缓存比例,Manage Map Server Cache Scales,,,,
服务器工具,Server Tools,缓存,Caching,管理地图服务器缓存状态,Manage Map Server Cache Status,,,,
服务器工具,Server Tools,缓存,Caching,转换地图服务器缓存存储格式,Convert Map Server Cache Storage Format,,,,
空间时间模式挖掘工具,Space Time Pattern Mining Tools,创建空间时间立方体,Create Space Time Cube,,,,,,
空间时间模式挖掘工具,Space Time Pattern Mining Tools,形成热点分析,Emerging Hot Spot Analysis,,,,,,
空间统计工具,Spatial Statistics Tools,分析模式,Analyzing Patterns,增量空间自相关,Incremental Spatial Autocorrelation,,,,
空间统计工具,Spatial Statistics Tools,分析模式,Analyzing Patterns,多距离空间聚类分析(Ripleys K函数),Multi-Distance Spatial Cluster Analysis(Ripleys K Function),,,,
空间统计工具,Spatial Statistics Tools,分析模式,Analyzing Patterns,平均最近邻,Average Nearest Neighbor,,,,
空间统计工具,Spatial Statistics Tools,分析模式,Analyzing Patterns,空间自相关(Moran I),Spatial Autocorrelation(Morans I),,,,
空间统计工具,Spatial Statistics Tools,分析模式,Analyzing Patterns,高/低聚类(Getis-Ord General G),High/Low Clustering(Getis-Ord General G),,,,
空间统计工具,Spatial Statistics Tools,工具,Utilities,将空间权重矩阵转换为表,Convert Spatial Weights Matrix to Table,,,,
空间统计工具,Spatial Statistics Tools,工具,Utilities,将要素属性导出到ASCII,Export Feature Attribute to ASCII,,,,
空间统计工具,Spatial Statistics Tools,工具,Utilities,收集事件,Collect Events,,,,
空间统计工具,Spatial Statistics Tools,工具,Utilities,计算近邻点距离,Calculate Distance Band from Neighbor Count,,,,
空间统计工具,Spatial Statistics Tools,工具,Utilities,计算面积,Calculate Areas,,,,
空间统计工具,Spatial Statistics Tools,度量地理分布,Measuring Geographic Distributions,中位数中心,Median Center,,,,
空间统计工具,Spatial Statistics Tools,度量地理分布,Measuring Geographic Distributions,中心要素,Central Feature,,,,
空间统计工具,Spatial Statistics Tools,度量地理分布,Measuring Geographic Distributions,平均中心,Mean Center,,,,
空间统计工具,Spatial Statistics Tools,度量地理分布,Measuring Geographic Distributions,方向分布(标准差椭圆),Directional Distribution(Standard Deviational Ellipse),,,,
空间统计工具,Spatial Statistics Tools,度量地理分布,Measuring Geographic Distributions,标准距离,Standard Distance,,,,
空间统计工具,Spatial Statistics Tools,度量地理分布,Measuring Geographic Distributions,线性方向平均值,Linear Directional Mean,,,,
空间统计工具,Spatial Statistics Tools,渲染,Rendering,Z得分渲染,Z Score Rendering,,,,
空间统计工具,Spatial Statistics Tools,渲染,Rendering,带渲染的热点分析,Hot Spot Analysis with Rendering,,,,
空间统计工具,Spatial Statistics Tools,渲染,Rendering,带渲染的聚类/异常值分析,Cluster/Outlier Analysis with Rendering,,,,
空间统计工具,Spatial Statistics Tools,渲染,Rendering,收集事件并渲染,Collect Events with Rendering,,,,
空间统计工具,Spatial Statistics Tools,渲染,Rendering,计数渲染,Count Rendering,,,,
空间统计工具,Spatial Statistics Tools,空间关系建模,Modeling Spatial Relationships,地理加权回归,Geographically Weighted Regression,,,,
空间统计工具,Spatial Statistics Tools,空间关系建模,Modeling Spatial Relationships,探索性回归,Exploratory Regression,,,,
空间统计工具,Spatial Statistics Tools,空间关系建模,Modeling Spatial Relationships,普通最小二乘法,Ordinary Least Squares,,,,
空间统计工具,Spatial Statistics Tools,空间关系建模,Modeling Spatial Relationships,生成空间权重矩阵,Generate Spatial Weights Matrix,,,,
空间统计工具,Spatial Statistics Tools,空间关系建模,Modeling Spatial Relationships,生成网络空间权重,Generate Network Spatial Weights,,,,
空间统计工具,Spatial Statistics Tools,聚类分布制图,Mapping Clusters,优化的热点分析,Optimized Hot Spot Analysis,,,,
空间统计工具,Spatial Statistics Tools,聚类分布制图,Mapping Clusters,分组分析,Grouping Analysis,,,,
空间统计工具,Spatial Statistics Tools,聚类分布制图,Mapping Clusters,热点分析(Getis-Ord GI*),Hot Spot Analysis (Getis-Ord Gi*),,,,
空间统计工具,Spatial Statistics Tools,聚类分布制图,Mapping Clusters,相似搜索,Similarity Search,,,,
空间统计工具,Spatial Statistics Tools,聚类分布制图,Mapping Clusters,聚类和异常值分析(Anselin Local Moran I),Cluster and Outlier Analysis(Anselin Local Morans I),,,,
数据管理工具,Data Management Tools,LAS数据集,LAS Dataset,LAS数据集统计数据,LAS Dataset Statistics,,,,
数据管理工具,Data Management Tools,LAS数据集,LAS Dataset,从LAS数据集中移除文件,Remove Files from LAS Dataset,,,,
数据管理工具,Data Management Tools,LAS数据集,LAS Dataset,创建LAS数据集,Create LAS Dataset,,,,
数据管理工具,Data Management Tools,LAS数据集,LAS Dataset,将文件添加到LAS数据集,Add Files to LAS Dataset,,,,
数据管理工具,Data Management Tools,LAS数据集,LAS Dataset,用作栅格数据的LAS点统计,LAS Point Statistics as Raster,,,,
数据管理工具,Data Management Tools,关系类,Relationship Classes,创建关系类,Create Relationship Class,,,,
数据管理工具,Data Management Tools,关系类,Relationship Classes,表转关系类,Table To Relationship Class,,,,
数据管理工具,Data Management Tools,关系类,Relationship Classes,迁移关系类,Migrate Relationship Class,,,,
数据管理工具,Data Management Tools,几何网络,Geometric Network,从几何网络删除空要素类,Remove Empty Feature Class From Geometric Network,,,,
数据管理工具,Data Management Tools,几何网络,Geometric Network,从几何网络移除连通性规则,Remove Connectivity Rule From Geometric Network,,,,
数据管理工具,Data Management Tools,几何网络,Geometric Network,创建几何网络,Create Geometric Network,,,,
数据管理工具,Data Management Tools,几何网络,Geometric Network,向几何网络添加边-交点连通性规则,Add Edge-Junction Connectivity Rule To Geometric Network,,,,
数据管理工具,Data Management Tools,几何网络,Geometric Network,向几何网络添加边-边连通性规则,Add Edge-Edge Connectivity Rule To Geometric Network,,,,
数据管理工具,Data Management Tools,几何网络,Geometric Network,在几何网络中查找断开连接的要素,Find Disconnected Features in Geometric Network,,,,
数据管理工具,Data Management Tools,几何网络,Geometric Network,设置流向,Set Flow Direction,,,,
数据管理工具,Data Management Tools,几何网络,Geometric Network,追踪几何网络,Trace Geometric Network,,,,
数据管理工具,Data Management Tools,几何网络,Geometric Network,重新构建几何网络,Rebuild Geometric Network,,,,
数据管理工具,Data Management Tools,几何网络,Geometric Network,验证和修复几何网络连通性,Verify And Repair Geometric Network Connectivity,,,,
数据管理工具,Data Management Tools,分布式地理数据库,Distributed Geodatabase,从服务器创建复本,Create Replica From Server,,,,
数据管理工具,Data Management Tools,分布式地理数据库,Distributed Geodatabase,创建复本,Create Relplica,,,,
数据管理工具,Data Management Tools,分布式地理数据库,Distributed Geodatabase,创建复本轮廓线,Create Replica Footprints,,,,
数据管理工具,Data Management Tools,分布式地理数据库,Distributed Geodatabase,同步数据变化,Synchronize Changes,,,,
数据管理工具,Data Management Tools,分布式地理数据库,Distributed Geodatabase,导入XML工作空间文档,Import XML Workspace Document,,,,
数据管理工具,Data Management Tools,分布式地理数据库,Distributed Geodatabase,导入复本方案,Import Replica Schema,,,,
数据管理工具,Data Management Tools,分布式地理数据库,Distributed Geodatabase,导入消息,Import Message,,,,
数据管理工具,Data Management Tools,分布式地理数据库,Distributed Geodatabase,导出XML工作空间文档,Export XML Workspace Document,,,,
数据管理工具,Data Management Tools,分布式地理数据库,Distributed Geodatabase,导出复本方案,Export Replica Schema,,,,
数据管理工具,Data Management Tools,分布式地理数据库,Distributed Geodatabase,导出数据变更消息,Export Data Change Message,,,,
数据管理工具,Data Management Tools,分布式地理数据库,Distributed Geodatabase,导出确认消息,Export Acknowledgement Message,,,,
数据管理工具,Data Management Tools,分布式地理数据库,Distributed Geodatabase,比较复本方案,Compare Replica Schema,,,,
数据管理工具,Data Management Tools,分布式地理数据库,Distributed Geodatabase,添加全局ID,Add Global IDs,,,,
数据管理工具,Data Management Tools,分布式地理数据库,Distributed Geodatabase,重新导出未确认的消息,Re-Export Unacknowledged Messages,,,,
数据管理工具,Data Management Tools,切片缓存,Tile Cache,导入切片缓存,Import Tile Cache,,,,
数据管理工具,Data Management Tools,切片缓存,Tile Cache,导出切片缓存,Export Tile Cache,,,,
数据管理工具,Data Management Tools,切片缓存,Tile Cache,生成切片缓存切片方案,Generate Tile Cache Tiling Scheme,,,,
数据管理工具,Data Management Tools,切片缓存,Tile Cache,管理切片缓存,Manage Tile Cache,,,,
数据管理工具,Data Management Tools,制图综合,Generalization,消除,Eliminate,,,,
数据管理工具,Data Management Tools,制图综合,Generalization,消除面部件,Eliminate Polygon Part,,,,
数据管理工具,Data Management Tools,制图综合,Generalization,融合,Dissolve,,,,
数据管理工具,Data Management Tools,包,Package,创建运行时内容,Create Runtime Content,,,,
数据管理工具,Data Management Tools,图层和表视图,Layers and Table Views,保存至图层文件,Save To Layer File,,,,
数据管理工具,Data Management Tools,图层和表视图,Layers and Table Views,创建LAS数据集图层,Make LAS Dataset Layer,,,,
数据管理工具,Data Management Tools,图层和表视图,Layers and Table Views,创建WCS图层,Make WCS Layer,,,,
数据管理工具,Data Management Tools,图层和表视图,Layers and Table Views,创建XY事件图层,Make XY Event Layer,,,,
数据管理工具,Data Management Tools,图层和表视图,Layers and Table Views,创建影像服务器图层,Make Image Server Layer,,,,
数据管理工具,Data Management Tools,图层和表视图,Layers and Table Views,创建查询图层,Make Query Layer,,,,
数据管理工具,Data Management Tools,图层和表视图,Layers and Table Views,创建查询表,Make Query Table,,,,
数据管理工具,Data Management Tools,图层和表视图,Layers and Table Views,创建栅格图层,Make Raster Layer,,,,
数据管理工具,Data Management Tools,图层和表视图,Layers and Table Views,创建栅格目录图层,Make Raster Catalog Layer,,,,
数据管理工具,Data Management Tools,图层和表视图,Layers and Table Views,创建表视图,Make Table View,,,,
数据管理工具,Data Management Tools,图层和表视图,Layers and Table Views,创建要素图层,Make Feature Layer,,,,
数据管理工具,Data Management Tools,图层和表视图,Layers and Table Views,创建镶嵌图层,Make Mosaic Layer,,,,
数据管理工具,Data Management Tools,图层和表视图,Layers and Table Views,应用图层的符号设置,Apply Symbology From Layer,,,,
数据管理工具,Data Management Tools,图层和表视图,Layers and Table Views,按位置选择图层,Select Layer By Location,,,,
数据管理工具,Data Management Tools,图层和表视图,Layers and Table Views,按属性选择图层,Select Layer By Attribute,,,,
数据管理工具,Data Management Tools,图表,Graph,保存图表,Save Graph,,,,
数据管理工具,Data Management Tools,图表,Graph,生成图表,Make Graph,,,,
数据管理工具,Data Management Tools,地理数据库管理,Geodatabase Administration,修复版本元数据,Repair Version Metadata,,,,
数据管理工具,Data Management Tools,地理数据库管理,Geodatabase Administration,修复版本表,Repair Version Tables,,,,
数据管理工具,Data Management Tools,地理数据库管理,Geodatabase Administration,分析数据集,Analyze Datasets,,,,
数据管理工具,Data Management Tools,地理数据库管理,Geodatabase Administration,创建企业级地理数据库,Create Enterprise Geodatabase,,,,
数据管理工具,Data Management Tools,地理数据库管理,Geodatabase Administration,创建数据库用户,Create Database User,,,,
数据管理工具,Data Management Tools,地理数据库管理,Geodatabase Administration,创建栅格类型,Create Raster Type,,,,
数据管理工具,Data Management Tools,地理数据库管理,Geodatabase Administration,创建角色,Create Role,,,,
数据管理工具,Data Management Tools,地理数据库管理,Geodatabase Administration,删除方案地理数据库,Delete Schema Geodatabase,,,,
数据管理工具,Data Management Tools,地理数据库管理,Geodatabase Administration,升级地理数据库,Upgrade Geodatabase,,,,
数据管理工具,Data Management Tools,地理数据库管理,Geodatabase Administration,升级数据集,Upgrade Dataset,,,,
数据管理工具,Data Management Tools,地理数据库管理,Geodatabase Administration,升级空间参考,Upgrade Spatial Reference,,,,
数据管理工具,Data Management Tools,地理数据库管理,Geodatabase Administration,启用企业级地理数据库,Enable Enterprise Geodatabase,,,,
数据管理工具,Data Management Tools,地理数据库管理,Geodatabase Administration,导入地理数据库配置关键字,Import Geodatabase Configuration Keywords,,,,
数据管理工具,Data Management Tools,地理数据库管理,Geodatabase Administration,导出地理数据库配置关键字,Export Geodatabase Configuration Keywords,,,,
数据管理工具,Data Management Tools,地理数据库管理,Geodatabase Administration,更改权限,Change Privileges,,,,
数据管理工具,Data Management Tools,地理数据库管理,Geodatabase Administration,注册到地理数据库,Register with Geodatabase,,,,
数据管理工具,Data Management Tools,地理数据库管理,Geodatabase Administration,版本压缩,Compress,,,,
数据管理工具,Data Management Tools,地理数据库管理,Geodatabase Administration,诊断版本元数据,Diagnose Version Metadata,,,,
数据管理工具,Data Management Tools,地理数据库管理,Geodatabase Administration,诊断版本表,Diagnose Version Tables,,,,
数据管理工具,Data Management Tools,地理数据库管理,Geodatabase Administration,迁移存储,Migrate Storage,,,,
数据管理工具,Data Management Tools,地理数据库管理,Geodatabase Administration,配置地理数据库日志文件表,Configure Geodatabase Log File Tables,,,,
数据管理工具,Data Management Tools,地理数据库管理,Geodatabase Administration,重建索引,Rebuild Indexes,,,,
数据管理工具,Data Management Tools,子类型,Subtypes,添加子类型,Add Subtype,,,,
数据管理工具,Data Management Tools,子类型,Subtypes,移除子类型,Remove Subtype,,,,
数据管理工具,Data Management Tools,子类型,Subtypes,设置子类型字段,Set Subtype Field,,,,
数据管理工具,Data Management Tools,子类型,Subtypes,设置默认子类型,Set Default Subtype,,,,
数据管理工具,Data Management Tools,字段,Fields,为字段分配默认值,Assign Default To Field,,,,
数据管理工具,Data Management Tools,字段,Fields,删除字段,Delete Field,,,,
数据管理工具,Data Management Tools,字段,Fields,启用编辑者跟踪,Enable Editor Tracking,,,,
数据管理工具,Data Management Tools,字段,Fields,更改字段,Alter Field,,,,
数据管理工具,Data Management Tools,字段,Fields,添加字段,Add Field,,,,
数据管理工具,Data Management Tools,字段,Fields,添加递增ID字段,Add Incrementing ID Field,,,,
数据管理工具,Data Management Tools,字段,Fields,禁用编辑者追踪,Disable Editor Tracking,,,,
数据管理工具,Data Management Tools,字段,Fields,计算字段,Calculate Field,,,,
数据管理工具,Data Management Tools,字段,Fields,计算结束时间,Calculate End Time,,,,
数据管理工具,Data Management Tools,字段,Fields,转换时区,Convert Time Zone,,,,
数据管理工具,Data Management Tools,字段,Fields,转换时间字段,Convert Time Field,,,,
数据管理工具,Data Management Tools,字段,Fields,转置字段,Transpose Fields,,,,
数据管理工具,Data Management Tools,属性域,Domains,从属性域中删除编码值,Delete Coded Value From Domain,,,,
数据管理工具,Data Management Tools,属性域,Domains,创建属性域,Create Domain,,,,
数据管理工具,Data Management Tools,属性域,Domains,删除属性域,Delete Domain,,,,
数据管理工具,Data Management Tools,属性域,Domains,向属性域添加编码值,Add Coded Value To Domain,,,,
数据管理工具,Data Management Tools,属性域,Domains,属性域转表,Domain To Table,,,,
数据管理工具,Data Management Tools,属性域,Domains,指定字段的属性域,Assign Domain To Field,,,,
数据管理工具,Data Management Tools,属性域,Domains,排序编码值属性域,Sort Coded Value Domain,,,,
数据管理工具,Data Management Tools,属性域,Domains,移除字段的属性域,Remove Domain From Field,,,,
数据管理工具,Data Management Tools,属性域,Domains,表转属性域,Table To Domain,,,,
数据管理工具,Data Management Tools,属性域,Domains,设置值域范围,Set Value For Range Domain,,,,
数据管理工具,Data Management Tools,工作空间,Workspace,创建ArcInfo工作空间,Create ArcInfo Workspace,,,,
数据管理工具,Data Management Tools,工作空间,Workspace,创建ArcSDE连接文件,Create ArcSDE Connection File,,,,
数据管理工具,Data Management Tools,工作空间,Workspace,创建个人地理数据库,Create Personal GDB,,,,
数据管理工具,Data Management Tools,工作空间,Workspace,创建数据库连接,Create Database Connection,,,,
数据管理工具,Data Management Tools,工作空间,Workspace,创建文件地理数据库,Create File GDB,,,,
数据管理工具,Data Management Tools,工作空间,Workspace,创建文件夹,Create Folder,,,,
数据管理工具,Data Management Tools,工作空间,Workspace,创建空间类型,Create Spatial Type,,,,
数据管理工具,Data Management Tools,工作空间,Workspace,创建要素数据集,Create Feature Dataset,,,,
数据管理工具,Data Management Tools,工作空间,Workspace,清除工作空间缓存,Clear Workspace Cache,,,,
数据管理工具,Data Management Tools,常规,General,ArcGIS Pro中使用的分析工具和Python方法,Analyze Tools and Python Methods for use in ArcGIS Pro,,,,
数据管理工具,Data Management Tools,常规,General,创建数据库视图,Create Database View,,,,
数据管理工具,Data Management Tools,常规,General,删除,Delete,,,,
数据管理工具,Data Management Tools,常规,General,删除相同的,Delete Identical,,,,
数据管理工具,Data Management Tools,常规,General,合并,Merge,,,,
数据管理工具,Data Management Tools,常规,General,合并分支,Merge Branch,,,,
数据管理工具,Data Management Tools,常规,General,复制,Copy,,,,
数据管理工具,Data Management Tools,常规,General,排序,Sort,,,,
数据管理工具,Data Management Tools,常规,General,查找相同的,Find Identical,,,,
数据管理工具,Data Management Tools,常规,General,计算值,Calculate Value,,,,
数据管理工具,Data Management Tools,常规,General,追加,Append,,,,
数据管理工具,Data Management Tools,常规,General,选择数据,Select Data,,,,
数据管理工具,Data Management Tools,常规,General,重命名,Rename,,,,
数据管理工具,Data Management Tools,归档,Archiving,启用归档,Enable Archiving,,,,
数据管理工具,Data Management Tools,归档,Archiving,禁用归档,Disable Archiving,,,,
数据管理工具,Data Management Tools,打包,Package,共享包,Share Package,,,,
数据管理工具,Data Management Tools,打包,Package,创建地图切片包,Create Map Tile Package,,,,
数据管理工具,Data Management Tools,打包,Package,合并图层,Consolidate Layer,,,,
数据管理工具,Data Management Tools,打包,Package,合并地图,Consolidate Map,,,,
数据管理工具,Data Management Tools,打包,Package,合并定位器,Consolidate Locator,,,,
数据管理工具,Data Management Tools,打包,Package,合并结果,Consolidate Result,,,,
数据管理工具,Data Management Tools,打包,Package,打包图层,Package Layer,,,,
数据管理工具,Data Management Tools,打包,Package,打包地图,Package Map,,,,
数据管理工具,Data Management Tools,打包,Package,打包定位器,Package Locator,,,,
数据管理工具,Data Management Tools,打包,Package,打包结果,Package Result,,,,
数据管理工具,Data Management Tools,打包,Package,提取包,Extract Package,,,,
数据管理工具,Data Management Tools,投影和变换,Projections and Transformations,栅格,Raster,从文件变换,Warp From File,,
数据管理工具,Data Management Tools,投影和变换,Projections and Transformations,栅格,Raster,平移,Shift,,
数据管理工具,Data Management Tools,投影和变换,Projections and Transformations,栅格,Raster,扭曲,Warp,,
数据管理工具,Data Management Tools,投影和变换,Projections and Transformations,栅格,Raster,投影栅格,Project Raster,,
数据管理工具,Data Management Tools,投影和变换,Projections and Transformations,栅格,Raster,旋转,Rotate,,
数据管理工具,Data Management Tools,投影和变换,Projections and Transformations,栅格,Raster,注册栅格,Register Raster,,
数据管理工具,Data Management Tools,投影和变换,Projections and Transformations,栅格,Raster,翻转,Flip,,
数据管理工具,Data Management Tools,投影和变换,Projections and Transformations,栅格,Raster,重设比例,Rescale,,
数据管理工具,Data Management Tools,投影和变换,Projections and Transformations,栅格,Raster,镜像,Mirror,,
数据管理工具,Data Management Tools,投影和变换,Projections and Transformations,创建空间参考,Create Spatial Reference,,,,
数据管理工具,Data Management Tools,投影和变换,Projections and Transformations,创建自定义地理(坐标)变换,Create Custom Geographic Transformation,,,,
数据管理工具,Data Management Tools,投影和变换,Projections and Transformations,定义投影,Define Projection,,,,
数据管理工具,Data Management Tools,投影和变换,Projections and Transformations,批量投影,Batch Project,,,,
数据管理工具,Data Management Tools,投影和变换,Projections and Transformations,投影,Project,,,,
数据管理工具,Data Management Tools,投影和变换,Projections and Transformations,转换坐标记法,Convert Coordinate Notation,,,,
数据管理工具,Data Management Tools,拓扑,Topology,从拓扑中移除要素类,Remove Feature Class From Topology,,,,
数据管理工具,Data Management Tools,拓扑,Topology,创建拓扑,Create Topology,,,,
数据管理工具,Data Management Tools,拓扑,Topology,向拓扑中添加要素类,Add Feature Class To Topology,,,,
数据管理工具,Data Management Tools,拓扑,Topology,导出拓扑错误,Export Topology Errors,,,,
数据管理工具,Data Management Tools,拓扑,Topology,拓扑验证,Validate Topology,,,,
数据管理工具,Data Management Tools,拓扑,Topology,添加拓扑规则,Add Rule To Topology,,,,
数据管理工具,Data Management Tools,拓扑,Topology,移除拓扑规则,Remove Rule From Topology,,,,
数据管理工具,Data Management Tools,拓扑,Topology,设置拓扑容差,Set Cluster Tolerance,,,,
数据管理工具,Data Management Tools,数据比较,Data Comparison,TIN比较,TIN Compare,,,,
数据管理工具,Data Management Tools,数据比较,Data Comparison,文件比较,File Compare,,,,
数据管理工具,Data Management Tools,数据比较,Data Comparison,栅格比较,Raster Compare,,,,
数据管理工具,Data Management Tools,数据比较,Data Comparison,检测要素更改,Detect Feature Changes,,,,
数据管理工具,Data Management Tools,数据比较,Data Comparison,表比较,Table Compare,,,,
数据管理工具,Data Management Tools,数据比较,Data Comparison,要素比较,Feature Compare,,,,
数据管理工具,Data Management Tools,文件地理数据库,File Geodatabase,压缩文件地理数据库数据,Compress File Geodatabase Data,,,,
数据管理工具,Data Management Tools,文件地理数据库,File Geodatabase,恢复文件地理数据库,Recover File Geodatabase,,,,
数据管理工具,Data Management Tools,文件地理数据库,File Geodatabase,生成文件地理数据库许可,Generate File Geodatabase License,,,,
数据管理工具,Data Management Tools,文件地理数据库,File Geodatabase,生成许可的文件地理数据库,Generate Licensed File Geodatabase,,,,
数据管理工具,Data Management Tools,文件地理数据库,File Geodatabase,紧凑型,Compact,,,,
数据管理工具,Data Management Tools,文件地理数据库,File Geodatabase,解压文件地理数据库数据,Uncompress File Geodatabase Data,,,,
数据管理工具,Data Management Tools,栅格,Raster,栅格处理,Raster Processing,分割栅格,Split Raster,,
数据管理工具,Data Management Tools,栅格,Raster,栅格处理,Raster Processing,创建全色锐化的栅格数据集,Create Pan-sharpened Raster Dataset,,
数据管理工具,Data Management Tools,栅格,Raster,栅格处理,Raster Processing,创建正射校正的栅格数据集,Create Ortho Corrected Raster Dataset,,
数据管理工具,Data Management Tools,栅格,Raster,栅格处理,Raster Processing,提取子数据集,Extract Subdataset,,
数据管理工具,Data Management Tools,栅格,Raster,栅格处理,Raster Processing,栅格转数字地形高程(DTED),Raster To DTED,,
数据管理工具,Data Management Tools,栅格,Raster,栅格处理,Raster Processing,波段合成,Composite Bands,,
数据管理工具,Data Management Tools,栅格,Raster,栅格处理,Raster Processing,裁剪,Clip,,
数据管理工具,Data Management Tools,栅格,Raster,栅格处理,Raster Processing,计算全色锐化权重,Compute Pansharpen Weights,,
数据管理工具,Data Management Tools,栅格,Raster,栅格处理,Raster Processing,重采样,Resample,,
数据管理工具,Data Management Tools,栅格,Raster,栅格属性,Raster Properties,删除栅格属性表,Delete Raster Attribute Table,,
数据管理工具,Data Management Tools,栅格,Raster,栅格属性,Raster Properties,删除色彩映射表,Delete Colormap,,
数据管理工具,Data Management Tools,栅格,Raster,栅格属性,Raster Properties,导出栅格坐标文件,Export Raster World File,,
数据管理工具,Data Management Tools,栅格,Raster,栅格属性,Raster Properties,批量构建金字塔,Batch Build Pyramids,,
数据管理工具,Data Management Tools,栅格,Raster,栅格属性,Raster Properties,批量计算统计数据,Batch Calculate Statistics,,
数据管理工具,Data Management Tools,栅格,Raster,栅格属性,Raster Properties,构建栅格属性表,Build Raster Attribute Table,,
数据管理工具,Data Management Tools,栅格,Raster,栅格属性,Raster Properties,构建金字塔,Build Pyramids,,
数据管理工具,Data Management Tools,栅格,Raster,栅格属性,Raster Properties,构建金字塔和统计数据,Build Pyramids And Statistics,,
数据管理工具,Data Management Tools,栅格,Raster,栅格属性,Raster Properties,添加色彩映射表,Add Colormap,,
数据管理工具,Data Management Tools,栅格,Raster,栅格属性,Raster Properties,获取像元值,Get Cell Value,,
数据管理工具,Data Management Tools,栅格,Raster,栅格属性,Raster Properties,获取栅格属性,Get Raster Properties,,
数据管理工具,Data Management Tools,栅格,Raster,栅格属性,Raster Properties,计算统计数据,Calculate Statistics,,
数据管理工具,Data Management Tools,栅格,Raster,栅格属性,Raster Properties,设置栅格属性,Set Raster Properties,,
数据管理工具,Data Management Tools,栅格,Raster,栅格数据集,Raster Dataset,下载栅格,Download Rasters,,
数据管理工具,Data Management Tools,栅格,Raster,栅格数据集,Raster Dataset,创建栅格数据集,Create Raster Dataset,,
数据管理工具,Data Management Tools,栅格,Raster,栅格数据集,Raster Dataset,复制栅格,Copy Raster,,
数据管理工具,Data Management Tools,栅格,Raster,栅格数据集,Raster Dataset,工作空间转栅格数据集,Workspace To Raster Dataset,,
数据管理工具,Data Management Tools,栅格,Raster,栅格数据集,Raster Dataset,栅格目录转栅格数据集,Raster Catalog To Raster Dataset,,
数据管理工具,Data Management Tools,栅格,Raster,栅格数据集,Raster Dataset,镶嵌,Mosaic,,
数据管理工具,Data Management Tools,栅格,Raster,栅格数据集,Raster Dataset,镶嵌至新栅格,Mosaic To New Raster,,
数据管理工具,Data Management Tools,栅格,Raster,栅格目录,Raster Catalog,修复栅格目录路径,Repair Raster Catalog Paths,,
数据管理工具,Data Management Tools,栅格,Raster,栅格目录,Raster Catalog,创建栅格目录,Create Raster Catalog,,
数据管理工具,Data Management Tools,栅格,Raster,栅格目录,Raster Catalog,删除栅格目录项,Delete Raster Catalog Items,,
数据管理工具,Data Management Tools,栅格,Raster,栅格目录,Raster Catalog,复制栅格目录项,Copy Raster Catalog Items,,
数据管理工具,Data Management Tools,栅格,Raster,栅格目录,Raster Catalog,导出栅格目录路径,Export Raster Catalog Paths,,
数据管理工具,Data Management Tools,栅格,Raster,栅格目录,Raster Catalog,工作空间转栅格目录,Workspace To Raster Catalog,,
数据管理工具,Data Management Tools,栅格,Raster,镶嵌数据集,Mosaic Dataset,块校正,Block Adjustment,分析控制点,Analyze Control Points
数据管理工具,Data Management Tools,栅格,Raster,镶嵌数据集,Mosaic Dataset,块校正,Block Adjustment,应用块校正,Apply Block Adjustment
数据管理工具,Data Management Tools,栅格,Raster,镶嵌数据集,Mosaic Dataset,块校正,Block Adjustment,计算块校正,Compute Block Adjustment
数据管理工具,Data Management Tools,栅格,Raster,镶嵌数据集,Mosaic Dataset,块校正,Block Adjustment,计算控制点,Compute Control Points
数据管理工具,Data Management Tools,栅格,Raster,镶嵌数据集,Mosaic Dataset,块校正,Block Adjustment,计算连接点,Compute Tie Points
数据管理工具,Data Management Tools,栅格,Raster,镶嵌数据集,Mosaic Dataset,块校正,Block Adjustment,追加控制点,Append Control Points
数据管理工具,Data Management Tools,栅格,Raster,镶嵌数据集,Mosaic Dataset,从镶嵌数据集中移除栅格,Remove Rasters From Mosaic Dataset,,
数据管理工具,Data Management Tools,栅格,Raster,镶嵌数据集,Mosaic Dataset,修复镶嵌数据集路径,Repair Mosaic Dataset Paths,,
数据管理工具,Data Management Tools,栅格,Raster,镶嵌数据集,Mosaic Dataset,分割镶嵌数据集项目,Split Mosaic Dataset Items,,
数据管理工具,Data Management Tools,栅格,Raster,镶嵌数据集,Mosaic Dataset,分析镶嵌数据集,Analyze Mosaic Dataset,,
数据管理工具,Data Management Tools,栅格,Raster,镶嵌数据集,Mosaic Dataset,创建镶嵌数据集,Create Mosaic Dataset,,
数据管理工具,Data Management Tools,栅格,Raster,镶嵌数据集,Mosaic Dataset,删除镶嵌数据集,Delete Mosaic Dataset,,
数据管理工具,Data Management Tools,栅格,Raster,镶嵌数据集,Mosaic Dataset,合并镶嵌数据集项目,Merge Mosaic Dataset Items,,
数据管理工具,Data Management Tools,栅格,Raster,镶嵌数据集,Mosaic Dataset,同步镶嵌数据集,Synchronize Mosaic Dataset,,
数据管理工具,Data Management Tools,栅格,Raster,镶嵌数据集,Mosaic Dataset,定义概视图,Define Overviews,,
数据管理工具,Data Management Tools,栅格,Raster,镶嵌数据集,Mosaic Dataset,定义镶嵌数据集NoData,Define Mosaic Dataset NoData,,
数据管理工具,Data Management Tools,栅格,Raster,镶嵌数据集,Mosaic Dataset,导入镶嵌数据集边界,Import Mosaic Dataset Geometry,,
数据管理工具,Data Management Tools,栅格,Raster,镶嵌数据集,Mosaic Dataset,导出镶嵌数据集几何,Export Mosaic Dataset Geometry,,
数据管理工具,Data Management Tools,栅格,Raster,镶嵌数据集,Mosaic Dataset,导出镶嵌数据集项目,Export Mosaic Dataset Items,,
数据管理工具,Data Management Tools,栅格,Raster,镶嵌数据集,Mosaic Dataset,平衡镶嵌数据集色彩,Color Balance Mosaic Dataset,,
数据管理工具,Data Management Tools,栅格,Raster,镶嵌数据集,Mosaic Dataset,引用已有数据创建镶嵌数据集,Create Referenced Mosaic Dataset,,
数据管理工具,Data Management Tools,栅格,Raster,镶嵌数据集,Mosaic Dataset,更改镶嵌数据集方案,Alter Mosaic Dataset Schema,,
数据管理工具,Data Management Tools,栅格,Raster,镶嵌数据集,Mosaic Dataset,构建连缝线,Build Seamlines,,
数据管理工具,Data Management Tools,栅格,Raster,镶嵌数据集,Mosaic Dataset,构建概视图,Build Overviews,,
数据管理工具,Data Management Tools,栅格,Raster,镶嵌数据集,Mosaic Dataset,构建轮廓,Build Footprints,,
数据管理工具,Data Management Tools,栅格,Raster,镶嵌数据集,Mosaic Dataset,构建边界,Build Boundary,,
数据管理工具,Data Management Tools,栅格,Raster,镶嵌数据集,Mosaic Dataset,构建镶嵌数据集项目缓存,Build Mosaic Dataset Item Cache,,
数据管理工具,Data Management Tools,栅格,Raster,镶嵌数据集,Mosaic Dataset,添加栅格至镶嵌数据集,Add Rasters To Mosaic Dataset,,
数据管理工具,Data Management Tools,栅格,Raster,镶嵌数据集,Mosaic Dataset,生成排除区域,Generate Exclude Area,,
数据管理工具,Data Management Tools,栅格,Raster,镶嵌数据集,Mosaic Dataset,编辑栅格函数,Edit Raster Function,,
数据管理工具,Data Management Tools,栅格,Raster,镶嵌数据集,Mosaic Dataset,计算像元大小范围,Calculate Cell Size Ranges,,
数据管理工具,Data Management Tools,栅格,Raster,镶嵌数据集,Mosaic Dataset,计算脏区,Compute Dirty Area,,
数据管理工具,Data Management Tools,栅格,Raster,镶嵌数据集,Mosaic Dataset,设置镶嵌数据集属性,Set Mosaic Dataset Properties,,
数据管理工具,Data Management Tools,照片,Photos,地理标记照片转点,GeoTagged Photos To Points,,,,
数据管理工具,Data Management Tools,照片,Photos,按时间将照片与行匹配,Match Photos To Rows By Time,,,,
数据管理工具,Data Management Tools,版本,Versions,切换版本,Alter Version,,,,
数据管理工具,Data Management Tools,版本,Versions,创建版本,Create Version,,,,
数据管理工具,Data Management Tools,版本,Versions,删除版本,Delete Version,,,,
数据管理工具,Data Management Tools,版本,Versions,协调版本,Reconcile Versions,,,,
数据管理工具,Data Management Tools,版本,Versions,取消注册版本,Unregister As Versioned,,,,
数据管理工具,Data Management Tools,版本,Versions,更改版本,Change Version,,,,
数据管理工具,Data Management Tools,版本,Versions,注册版本,Register As Versioned,,,,
数据管理工具,Data Management Tools,版本,Versions,添加字段冲突过滤器,Add Field Conflict Filter,,,,
数据管理工具,Data Management Tools,版本,Versions,移除字段冲突过滤器,Remove Field Conflict Filter,,,,
数据管理工具,Data Management Tools,索引,Indexes,添加属性索引,Add Attribute Index,,,,
数据管理工具,Data Management Tools,索引,Indexes,添加空间索引,Add Spatial Index,,,,
数据管理工具,Data Management Tools,索引,Indexes,移除属性索引,Remove Attribute Index,,,,
数据管理工具,Data Management Tools,索引,Indexes,移除空间索引,Remove Spatial Index,,,,
数据管理工具,Data Management Tools,表,Table,分析,Analyze,,,,
数据管理工具,Data Management Tools,表,Table,创建取消注册表,Create Unregistered Table,,,,
数据管理工具,Data Management Tools,表,Table,创建表,Create Table,,,,
数据管理工具,Data Management Tools,表,Table,删除行,Delete Rows,,,,
数据管理工具,Data Management Tools,表,Table,复制行,Copy Rows,,,,
数据管理工具,Data Management Tools,表,Table,截断表,Truncate Table,,,,
数据管理工具,Data Management Tools,表,Table,数据透视表,Pivot Table,,,,
数据管理工具,Data Management Tools,表,Table,获取计数,Get Count,,,,
数据管理工具,Data Management Tools,要素,Features,XY转线,XY To Line,,,,
数据管理工具,Data Management Tools,要素,Features,修复几何,Repair Geometry,,,,
数据管理工具,Data Management Tools,要素,Features,切分,Dice,,,,
数据管理工具,Data Management Tools,要素,Features,删除要素,Delete Features,,,,
数据管理工具,Data Management Tools,要素,Features,原点夹角距离定义线,Bearing Distance To Line,,,,
数据管理工具,Data Management Tools,要素,Features,取消线分割,Unsplit Line,,,,
数据管理工具,Data Management Tools,要素,Features,在折点处分割线,Split Line At Vertices,,,,
数据管理工具,Data Management Tools,要素,Features,在点处分割线,Split Line at Point,,,,
数据管理工具,Data Management Tools,要素,Features,复制要素,Copy Features,,,,
数据管理工具,Data Management Tools,要素,Features,多部件至单部件,Multipart To Singlepart,,,,
数据管理工具,Data Management Tools,要素,Features,大地测量密度,Geodetic Densify,,,,
数据管理工具,Data Management Tools,要素,Features,最小边界几何,Minimum Bounding Geometry,,,,
数据管理工具,Data Management Tools,要素,Features,检查几何,Check Geometry,,,,
数据管理工具,Data Management Tools,要素,Features,添加XY坐标,Add XY Coordinates,,,,
数据管理工具,Data Management Tools,要素,Features,添加几何属性,Add Geometry Attributes,,,,
数据管理工具,Data Management Tools,要素,Features,点集转线,Points To Line,,,,
数据管理工具,Data Management Tools,要素,Features,表转椭圆,Table To Ellipse,,,,
数据管理工具,Data Management Tools,要素,Features,要素包络矩形转面,Feature Envelope To Polygon,,,,
数据管理工具,Data Management Tools,要素,Features,要素折点转点,Feature Vertices To Points,,,,
数据管理工具,Data Management Tools,要素,Features,要素转点,Feature To Point,,,,
数据管理工具,Data Management Tools,要素,Features,要素转线,Feature To Line,,,,
数据管理工具,Data Management Tools,要素,Features,要素转面,Feature To Polygon,,,,
数据管理工具,Data Management Tools,要素,Features,调整3D Z值,Adjust 3D Z,,,,
数据管理工具,Data Management Tools,要素,Features,面转线,Polygon To Line,,,,
数据管理工具,Data Management Tools,要素类,Feature Class,创建取消注册要素类,Create Unregisterd Feature Class,,,,
数据管理工具,Data Management Tools,要素类,Feature Class,创建渔网,Create Fishnet,,,,
数据管理工具,Data Management Tools,要素类,Feature Class,创建要素类,Create Feature Class,,,,
数据管理工具,Data Management Tools,要素类,Feature Class,创建随机点,Create Random Points,,,,
数据管理工具,Data Management Tools,要素类,Feature Class,整合,Integrate,,,,
数据管理工具,Data Management Tools,要素类,Feature Class,更新注记要素类,Update Annotation Feature Class,,,,
数据管理工具,Data Management Tools,要素类,Feature Class,计算默认XY容差,Calculate Default XY Tolerance,,,,
数据管理工具,Data Management Tools,要素类,Feature Class,计算默认空间格网索引,Calculate Default Spatial Grid Index,,,,
数据管理工具,Data Management Tools,要素类,Feature Class,追加注记要素类,Append Annotation Feature Classes,,,,
数据管理工具,Data Management Tools,连接,Joins,添加连接,Add Join,,,,
数据管理工具,Data Management Tools,连接,Joins,移除连接,Remove Join,,,,
数据管理工具,Data Management Tools,连接,Joins,连接字段,Join Field,,,,
数据管理工具,Data Management Tools,附件,Attachments,启用附件,Enable Attachments,,,,
数据管理工具,Data Management Tools,附件,Attachments,添加附件,Add Attachments,,,,
数据管理工具,Data Management Tools,附件,Attachments,生成附件匹配表,Generate Attachment Match Table,,,,
数据管理工具,Data Management Tools,附件,Attachments,禁用附件,Disable Attachments,,,,
数据管理工具,Data Management Tools,附件,Attachments,移除附件,Remove Attachments,,,,
线性参考工具,Linear Referencing Tools,创建路径,Create Routes,,,,,,
线性参考工具,Linear Referencing Tools,创建路径事件图层,Make Route Event Layer,,,,,,
线性参考工具,Linear Referencing Tools,叠加路径事件,Overlay Route Events,,,,,,
线性参考工具,Linear Referencing Tools,校准路径,Calibrate Routes,,,,,,
线性参考工具,Linear Referencing Tools,沿路径定位要素,Locate Features Along Route,,,,,,
线性参考工具,Linear Referencing Tools,融合路径事件,Dissolve Route Events,,,,,,
线性参考工具,Linear Referencing Tools,转换路径事件,Transform Route Events,,,,,,
制图工具,Cartography Tools,制图优化,Cartographic Refinement,分散标记,Disperse Markers,,,,
制图工具,Cartography Tools,制图优化,Cartographic Refinement,创建地下通道,Create Underpass,,,,
制图工具,Cartography Tools,制图优化,Cartographic Refinement,创建天桥,Create Overpass,,,,
制图工具,Cartography Tools,制图优化,Cartographic Refinement,对齐标记,Align Marker To Stroke Or Fill,,,,
制图工具,Cartography Tools,制图优化,Cartographic Refinement,按角度设置控制点,Set Representation Control Point By Angle,,,,
制图工具,Cartography Tools,制图优化,Cartographic Refinement,相交处设置控制点,Set Representation Control Point At Intersect,,,,
制图工具,Cartography Tools,制图优化,Cartographic Refinement,计算线端头,Calculate Line Caps,,,,
制图工具,Cartography Tools,制图优化,Cartographic Refinement,计算面的主角度,Calculate Polygon Main Angle,,,,
制图工具,Cartography Tools,制图综合,Generalization,创建制图分区,Create Carographic Partitions,,,,
制图工具,Cartography Tools,制图综合,Generalization,合并分开的道路,Merge Divided Roads,,,,
制图工具,Cartography Tools,制图综合,Generalization,平滑线,Smooth Line,,,,
制图工具,Cartography Tools,制图综合,Generalization,平滑面,Smooth Polygon,,,,
制图工具,Cartography Tools,制图综合,Generalization,折叠道路详细信息,Collapse Road Detail,,,,
制图工具,Cartography Tools,制图综合,Generalization,描绘构建区,Delineate Built-Up Areas,,,,
制图工具,Cartography Tools,制图综合,Generalization,提取中心线,Collapse Dual Lines To Centerline,,,,
制图工具,Cartography Tools,制图综合,Generalization,简化建筑物,Simplify Building,,,,
制图工具,Cartography Tools,制图综合,Generalization,简化线,Simplify Line,,,,
制图工具,Cartography Tools,制图综合,Generalization,简化面,Simplify Polygon,,,,
制图工具,Cartography Tools,制图综合,Generalization,细化道路网,Thin Road Network,,,,
制图工具,Cartography Tools,制图综合,Generalization,聚合点,Aggregate Points,,,,
制图工具,Cartography Tools,制图综合,Generalization,聚合面,Aggregate Polygons,,,,
制图工具,Cartography Tools,制图表达管理,Representation Management,删除制图表达,Drop Representation,,,,
制图工具,Cartography Tools,制图表达管理,Representation Management,更新覆盖,Update Override,,,,
制图工具,Cartography Tools,制图表达管理,Representation Management,根据覆盖选择要素,Select Feature By Override,,,,
制图工具,Cartography Tools,制图表达管理,Representation Management,添加制图表达,Add Representation,,,,
制图工具,Cartography Tools,制图表达管理,Representation Management,移除覆盖,Remove Override,,,,
制图工具,Cartography Tools,制图表达管理,Representation Management,计算制图表达规则,Calculate Representation,,,,
制图工具,Cartography Tools,制图表达管理,Representation Management,设置图层制图表达,Set Layer Representation,,,,
制图工具,Cartography Tools,图形冲突,Graphic Conflicts,传递位移,Propagate Displacement,,,,
制图工具,Cartography Tools,图形冲突,Graphic Conflicts,检测图形冲突,Detect Graphic Conflict,,,,
制图工具,Cartography Tools,图形冲突,Graphic Conflicts,解决建筑物冲突,Resolve Building Conflicts,,,,
制图工具,Cartography Tools,图形冲突,Graphic Conflicts,解决道路冲突,Resolve Road Conflicts,,,,
制图工具,Cartography Tools,掩膜工具,Masking Tools,交叉图层掩膜,Intersecting Layers Masks,,,,
制图工具,Cartography Tools,掩膜工具,Masking Tools,死胡同掩膜,Cul-De-Sac Masks,,,,
制图工具,Cartography Tools,掩膜工具,Masking Tools,要素轮廓线掩膜,Feature Outline Masks,,,,
制图工具,Cartography Tools,数据驱动页面,Data Driven Pages,带状地图索引要素,Strip Map Index Features,,,,
制图工具,Cartography Tools,数据驱动页面,Data Driven Pages,格网索引要素,Grid Index Features,,,,
制图工具,Cartography Tools,数据驱动页面,Data Driven Pages,计算UTM带,Calculate UTM Zone,,,,
制图工具,Cartography Tools,数据驱动页面,Data Driven Pages,计算中央经线和纬线,Calculate Central Meridian And Parallels,,,,
制图工具,Cartography Tools,数据驱动页面,Data Driven Pages,计算格网收敛角,Calculate Grid Convergence Angle,,,,
制图工具,Cartography Tools,数据驱动页面,Data Driven Pages,计算相邻字段,Calculate Adjacent Fields,,,,
制图工具,Cartography Tools,格网和经纬网,Grids and Graticules,删除格网和经纬网,Delete Grids And Graticules,,,,
制图工具,Cartography Tools,格网和经纬网,Grids and Graticules,建立格网和经纬网图层,Make Grids And Graticules Layer,,,,
制图工具,Cartography Tools,注记,Annotation,分块标注转注记,Tiled Labels To Annotation,,,,
制图工具,Cartography Tools,注记,Annotation,地图服务器缓存切片方案转换为面,Map Server Cache Tiling Scheme To Polygons,,,,
制图工具,Cartography Tools,注记,Annotation,等值线注记,Contour Annotation,,,,
转换工具,Conversion Tools,Excel,Excel,Excel转表,Excel To Table,,,,
转换工具,Conversion Tools,Excel,Excel,表转Excel,Table To Excel,,,,
转换工具,Conversion Tools,JSON,JSON,JSON转要素,JSON To Features,,,,
转换工具,Conversion Tools,JSON,JSON,要素转JSON,Features To JSON,,,,
转换工具,Conversion Tools,从PDF,From PDF,PDF转TIFF,PDF To TIFF,,,,
转换工具,Conversion Tools,元数据,Metadata,Esri元数据转换程序,Esri Metadata Translator,,,,
转换工具,Conversion Tools,元数据,Metadata,USGS MP元数据转换程序,USGS MP Metadata Translator,,,,
转换工具,Conversion Tools,元数据,Metadata,XML模式验证,XML Schema Validation,,,,
转换工具,Conversion Tools,元数据,Metadata,元数据发布程序,Metadata Publisher,,,,
转换工具,Conversion Tools,元数据,Metadata,元数据导入程序,Metadata Importer,,,,
转换工具,Conversion Tools,元数据,Metadata,升级元数据,Upgrade Metadata,,,,
转换工具,Conversion Tools,元数据,Metadata,同步元数据,Synchronize Metadata,,,,
转换工具,Conversion Tools,元数据,Metadata,导入元数据,Import Metadata,,,,
转换工具,Conversion Tools,元数据,Metadata,导出元数据,Export Metadata,,,,
转换工具,Conversion Tools,元数据,Metadata,批量导出元数据,Export Metadata Multiple,,,,
转换工具,Conversion Tools,元数据,Metadata,批量验证元数据,Validate Metadata Multiple,,,,
转换工具,Conversion Tools,元数据,Metadata,验证元数据,Validate Metadata,,,,
转换工具,Conversion Tools,由GPS转出,From GPS,GPX转要素,GPX To Features,,,,
转换工具,Conversion Tools,由KML转出,From KML,KML转图层,KML To Layer,,,,
转换工具,Conversion Tools,由WFS转出,From WFS,WFS至要素类,WFS To Feature Class,,,,
转换工具,Conversion Tools,由栅格转出,From Raster,栅格转ASCII,Raster to ASCII,,,,
转换工具,Conversion Tools,由栅格转出,From Raster,栅格转折线,Raster to Polyline,,,,
转换工具,Conversion Tools,由栅格转出,From Raster,栅格转浮点型,Raster to Float,,,,
转换工具,Conversion Tools,由栅格转出,From Raster,栅格转点,Raster to Point,,,,
转换工具,Conversion Tools,由栅格转出,From Raster,栅格转视频,Raster to Video,,,,
转换工具,Conversion Tools,由栅格转出,From Raster,栅格转面,Raster to Polygon,,,,
转换工具,Conversion Tools,转为CAD,To CAD,添加CAD字段,Add CAD Fields,,,,
转换工具,Conversion Tools,转为CAD,To CAD,要素转CAD,Export to CAD,,,,
转换工具,Conversion Tools,转为Collada,To Collata,多面体转Collada,Multipatch To Collada,,,,
转换工具,Conversion Tools,转为Coverage,To Coverage,从E00导入,Import from E00,,,,
转换工具,Conversion Tools,转为Coverage,To Coverage,要素类转Coverage,Feature Class To Coverage,,,,
转换工具,Conversion Tools,转为bBASE,To dBASE,表转dBASE(批量),Table to dBASE(multiple),,,,
转换工具,Conversion Tools,转为KML,To KML,图层转KML,Layer To KML,,,,
转换工具,Conversion Tools,转为KML,To KML,地图转KML,Map To KML,,,,
转换工具,Conversion Tools,转为Shapefile,To Shapefile,要素类装Shapefile(批量),Feature Class To Shapefile(multiple),,,,
转换工具,Conversion Tools,转为栅格,To Raster,ASCII转栅格,ASCII to Raster,,,,
转换工具,Conversion Tools,转为栅格,To Raster,DEM转栅格,DEM to Raster,,,,
转换工具,Conversion Tools,转为栅格,To Raster,LAS数据集转栅格,LAS Dataset to Raster,,,,
转换工具,Conversion Tools,转为栅格,To Raster,多面体转栅格,Multipatch to Raster,,,,
转换工具,Conversion Tools,转为栅格,To Raster,折线转栅格,Polyline to Raster,,,,
转换工具,Conversion Tools,转为栅格,To Raster,栅格转其他格式(批量),Raster To Other Format(multiple),,,,
转换工具,Conversion Tools,转为栅格,To Raster,浮点型转栅格,Float to Raster,,,,
转换工具,Conversion Tools,转为栅格,To Raster,点转栅格,Point to Raster,,,,
转换工具,Conversion Tools,转为栅格,To Raster,要素转栅格,Feature to Raster,,,,
转换工具,Conversion Tools,转为栅格,To Raster,面转栅格,Polygon to Raster,,,,
转换工具,Conversion Tools,转出至地理数据库,To Geodatabase,CAD至地理数据库,CAD to Geodatabase,,,,
转换工具,Conversion Tools,转出至地理数据库,To Geodatabase,导入CAD注记,Import CAD Annotation,,,,
转换工具,Conversion Tools,转出至地理数据库,To Geodatabase,导入Coverage注记,Import Coverage Annotation,,,,
转换工具,Conversion Tools,转出至地理数据库,To Geodatabase,将运行时地理数据库复制到文件地理数据库,Copy Runtime Geodatabase to File Geodatabase,,,,
转换工具,Conversion Tools,转出至地理数据库,To Geodatabase,栅格数据至地理数据库(批量),Raster To Geodatabase(multiple),,,,
转换工具,Conversion Tools,转出至地理数据库,To Geodatabase,表至地理数据库(批量),Table to Geodatabase(multiple),,,,
转换工具,Conversion Tools,转出至地理数据库,To Geodatabase,表至表,Table to Table,,,,
转换工具,Conversion Tools,转出至地理数据库,To Geodatabase,要素类至地理数据库(批量),Feature Class to Geodatabase(multiple),,,,
转换工具,Conversion Tools,转出至地理数据库,To Geodatabase,要素类至要素类,Feature Class to Feature Class,,,,
宗地结构工具,Parcel Fabric Tools,图层和表视图,Layers and Table Views,创建宗地结构图层,Make Parcel Fabric Layer,,,,
宗地结构工具,Parcel Fabric Tools,图层和表视图,,创建宗地结构表视图,Make Parcel Fabric Table View,,,,
宗地结构工具,Parcel Fabric Tools,宗地要素,Parcel Features,复制宗地结构,Copy Parcel Fabric,,,,
宗地结构工具,Parcel Fabric Tools,宗地要素,,追加宗地结构,Append Parcel Fabric,,,,
宗地结构工具,Parcel Fabric Tools,数据迁移,Data Migration,加载拓扑至宗地结构,Load a Topology to a Parcel Fabric,,,,
